Customer_ID,Generation_Segment_Instructor_Only
CUST01861,Digital Regular
CUST00354,Digital Regular
CUST01334,Disengaged
CUST00906,Digital Regular
CUST01290,Digital Regular
CUST01274,Digital Regular
CUST00939,Disengaged
CUST01732,Premium Loyalist
CUST00066,Digital Regular
CUST01324,Occasional Big Spender
CUST00057,Digital Regular
CUST01293,Digital Regular
CUST01119,Deal Seeker
CUST00585,Disengaged
CUST00375,Premium Loyalist
CUST00276,Deal Seeker
CUST00747,Deal Seeker
CUST00129,Premium Loyalist
CUST01647,Deal Seeker
CUST01853,Digital Regular
CUST00675,Digital Regular
CUST01665,Disengaged
CUST01982,Deal Seeker
CUST01084,Disengaged
CUST01923,Digital Regular
CUST00100,Disengaged
CUST01180,Deal Seeker
CUST00965,Disengaged
CUST00793,Deal Seeker
CUST00030,Occasional Big Spender
CUST00629,Digital Regular
CUST00945,Digital Regular
CUST00573,Digital Regular
CUST00908,Premium Loyalist
CUST01081,Deal Seeker
CUST00451,Premium Loyalist
CUST01610,Digital Regular
CUST01291,Digital Regular
CUST01079,Digital Regular
CUST00255,Deal Seeker
CUST00125,Premium Loyalist
CUST01928,Occasional Big Spender
CUST00252,Disengaged
CUST00586,Digital Regular
CUST01569,Digital Regular
CUST00825,Disengaged
CUST00508,Disengaged
CUST00890,Occasional Big Spender
CUST00071,Deal Seeker
CUST01609,Deal Seeker
CUST01533,Digital Regular
CUST00248,Deal Seeker
CUST01451,Disengaged
CUST00213,Deal Seeker
CUST00910,Deal Seeker
CUST01742,Deal Seeker
CUST01245,Deal Seeker
CUST01697,Deal Seeker
CUST01183,Premium Loyalist
CUST00362,Premium Loyalist
CUST01474,Digital Regular
CUST00679,Premium Loyalist
CUST01622,Digital Regular
CUST01090,Digital Regular
CUST01988,Occasional Big Spender
CUST01848,Digital Regular
CUST00988,Premium Loyalist
CUST01513,Digital Regular
CUST00112,Deal Seeker
CUST01488,Digital Regular
CUST01454,Disengaged
CUST00384,Digital Regular
CUST01396,Premium Loyalist
CUST01055,Deal Seeker
CUST00756,Deal Seeker
CUST00325,Disengaged
CUST01624,Premium Loyalist
CUST00788,Deal Seeker
CUST00369,Deal Seeker
CUST01820,Digital Regular
CUST00070,Digital Regular
CUST00858,Disengaged
CUST01484,Deal Seeker
CUST01556,Occasional Big Spender
CUST01692,Disengaged
CUST01475,Digital Regular
CUST01799,Digital Regular
CUST00479,Digital Regular
CUST00282,Deal Seeker
CUST01648,Occasional Big Spender
CUST01557,Disengaged
CUST01730,Deal Seeker
CUST00211,Occasional Big Spender
CUST00298,Disengaged
CUST01885,Deal Seeker
CUST01834,Deal Seeker
CUST00652,Disengaged
CUST01234,Occasional Big Spender
CUST01503,Deal Seeker
CUST01932,Digital Regular
CUST00917,Premium Loyalist
CUST00994,Deal Seeker
CUST00430,Disengaged
CUST01371,Premium Loyalist
CUST00240,Premium Loyalist
CUST00880,Digital Regular
CUST00621,Occasional Big Spender
CUST00257,Disengaged
CUST00612,Digital Regular
CUST00545,Premium Loyalist
CUST00772,Digital Regular
CUST01420,Disengaged
CUST01042,Digital Regular
CUST01790,Premium Loyalist
CUST00760,Digital Regular
CUST00383,Occasional Big Spender
CUST01104,Disengaged
CUST00974,Disengaged
CUST00353,Digital Regular
CUST01606,Deal Seeker
CUST01826,Premium Loyalist
CUST01037,Deal Seeker
CUST01108,Deal Seeker
CUST00495,Occasional Big Spender
CUST00394,Occasional Big Spender
CUST01547,Deal Seeker
CUST00465,Digital Regular
CUST00887,Deal Seeker
CUST01194,Disengaged
CUST00367,Occasional Big Spender
CUST01894,Premium Loyalist
CUST01874,Disengaged
CUST00745,Digital Regular
CUST00530,Deal Seeker
CUST00803,Disengaged
CUST01224,Digital Regular
CUST01979,Occasional Big Spender
CUST01906,Digital Regular
CUST01700,Occasional Big Spender
CUST01545,Digital Regular
CUST01314,Premium Loyalist
CUST00307,Deal Seeker
CUST01667,Disengaged
CUST00863,Occasional Big Spender
CUST01567,Premium Loyalist
CUST00531,Occasional Big Spender
CUST00655,Disengaged
CUST01260,Disengaged
CUST00234,Digital Regular
CUST00121,Digital Regular
CUST01698,Occasional Big Spender
CUST00950,Deal Seeker
CUST00618,Deal Seeker
CUST01179,Deal Seeker
CUST00308,Digital Regular
CUST00136,Premium Loyalist
CUST00555,Premium Loyalist
CUST01674,Premium Loyalist
CUST00584,Deal Seeker
CUST01641,Occasional Big Spender
CUST00671,Premium Loyalist
CUST00835,Occasional Big Spender
CUST00110,Disengaged
CUST01165,Premium Loyalist
CUST01960,Digital Regular
CUST01465,Digital Regular
CUST01729,Premium Loyalist
CUST01243,Deal Seeker
CUST00212,Digital Regular
CUST01768,Premium Loyalist
CUST01121,Digital Regular
CUST00680,Deal Seeker
CUST01951,Disengaged
CUST01839,Occasional Big Spender
CUST00412,Digital Regular
CUST01325,Deal Seeker
CUST00783,Digital Regular
CUST01346,Digital Regular
CUST00875,Occasional Big Spender
CUST01653,Deal Seeker
CUST01279,Disengaged
CUST00786,Deal Seeker
CUST01819,Digital Regular
CUST01199,Deal Seeker
CUST00808,Premium Loyalist
CUST00713,Disengaged
CUST01991,Premium Loyalist
CUST01660,Premium Loyalist
CUST01191,Digital Regular
CUST01226,Disengaged
CUST00603,Disengaged
CUST00271,Premium Loyalist
CUST01385,Disengaged
CUST00232,Deal Seeker
CUST00050,Premium Loyalist
CUST00463,Disengaged
CUST01106,Occasional Big Spender
CUST00856,Digital Regular
CUST00694,Deal Seeker
CUST01552,Digital Regular
CUST01873,Disengaged
CUST00527,Disengaged
CUST00174,Disengaged
CUST00721,Digital Regular
CUST00415,Premium Loyalist
CUST00238,Occasional Big Spender
CUST01473,Premium Loyalist
CUST01336,Disengaged
CUST01064,Digital Regular
CUST00024,Disengaged
CUST01767,Disengaged
CUST00064,Occasional Big Spender
CUST00290,Premium Loyalist
CUST00189,Occasional Big Spender
CUST00702,Deal Seeker
CUST01815,Disengaged
CUST01138,Deal Seeker
CUST00355,Digital Regular
CUST00417,Premium Loyalist
CUST01246,Deal Seeker
CUST00931,Deal Seeker
CUST00197,Digital Regular
CUST00580,Deal Seeker
CUST01135,Disengaged
CUST01814,Deal Seeker
CUST01935,Occasional Big Spender
CUST00434,Disengaged
CUST00101,Disengaged
CUST01655,Disengaged
CUST00395,Premium Loyalist
CUST01939,Deal Seeker
CUST00221,Deal Seeker
CUST01676,Disengaged
CUST01498,Digital Regular
CUST01785,Deal Seeker
CUST00345,Occasional Big Spender
CUST01028,Deal Seeker
CUST00889,Premium Loyalist
CUST01351,Occasional Big Spender
CUST00553,Deal Seeker
CUST00744,Premium Loyalist
CUST01542,Deal Seeker
CUST00539,Premium Loyalist
CUST00907,Digital Regular
CUST01395,Disengaged
CUST00116,Disengaged
CUST00830,Deal Seeker
CUST01938,Digital Regular
CUST00809,Digital Regular
CUST01311,Deal Seeker
CUST01005,Digital Regular
CUST00306,Digital Regular
CUST01101,Premium Loyalist
CUST00480,Deal Seeker
CUST01424,Deal Seeker
CUST01076,Deal Seeker
CUST00571,Deal Seeker
CUST00619,Premium Loyalist
CUST01898,Deal Seeker
CUST01266,Disengaged
CUST00079,Digital Regular
CUST01912,Premium Loyalist
CUST00033,Deal Seeker
CUST01538,Occasional Big Spender
CUST01034,Disengaged
CUST01563,Disengaged
CUST00352,Premium Loyalist
CUST00164,Premium Loyalist
CUST00204,Premium Loyalist
CUST01054,Premium Loyalist
CUST01365,Digital Regular
CUST01967,Occasional Big Spender
CUST00496,Digital Regular
CUST01625,Deal Seeker
CUST01966,Premium Loyalist
CUST01963,Digital Regular
CUST00611,Digital Regular
CUST00433,Occasional Big Spender
CUST01492,Disengaged
CUST00219,Disengaged
CUST01931,Digital Regular
CUST01466,Occasional Big Spender
CUST00631,Disengaged
CUST01382,Premium Loyalist
CUST01302,Digital Regular
CUST00060,Premium Loyalist
CUST00299,Occasional Big Spender
CUST01711,Occasional Big Spender
CUST00074,Deal Seeker
CUST00163,Deal Seeker
CUST01275,Premium Loyalist
CUST01594,Deal Seeker
CUST01434,Premium Loyalist
CUST01613,Occasional Big Spender
CUST00592,Digital Regular
CUST00317,Deal Seeker
CUST00046,Disengaged
CUST01720,Disengaged
CUST01832,Disengaged
CUST00428,Disengaged
CUST00582,Digital Regular
CUST00077,Deal Seeker
CUST01917,Digital Regular
CUST01415,Premium Loyalist
CUST00781,Deal Seeker
CUST01920,Disengaged
CUST01174,Occasional Big Spender
CUST01320,Disengaged
CUST00938,Premium Loyalist
CUST00031,Occasional Big Spender
CUST01092,Digital Regular
CUST01616,Deal Seeker
CUST01230,Premium Loyalist
CUST00975,Deal Seeker
CUST01085,Disengaged
CUST00515,Deal Seeker
CUST01551,Premium Loyalist
CUST01568,Premium Loyalist
CUST01811,Deal Seeker
CUST01574,Disengaged
CUST00045,Disengaged
CUST01687,Digital Regular
CUST00169,Deal Seeker
CUST00304,Digital Regular
CUST00991,Digital Regular
CUST00556,Deal Seeker
CUST01925,Deal Seeker
CUST00608,Premium Loyalist
CUST01619,Disengaged
CUST00758,Disengaged
CUST00439,Occasional Big Spender
CUST00583,Premium Loyalist
CUST01519,Premium Loyalist
CUST00528,Disengaged
CUST00343,Disengaged
CUST01737,Disengaged
CUST00368,Occasional Big Spender
CUST00186,Digital Regular
CUST01117,Premium Loyalist
CUST01755,Deal Seeker
CUST01426,Deal Seeker
CUST00301,Occasional Big Spender
CUST01904,Premium Loyalist
CUST00833,Deal Seeker
CUST00544,Disengaged
CUST01601,Disengaged
CUST00351,Digital Regular
CUST01933,Occasional Big Spender
CUST01511,Premium Loyalist
CUST00979,Digital Regular
CUST00176,Premium Loyalist
CUST00483,Digital Regular
CUST01413,Disengaged
CUST01611,Deal Seeker
CUST00124,Deal Seeker
CUST00600,Digital Regular
CUST01795,Disengaged
CUST01746,Digital Regular
CUST01379,Digital Regular
CUST01186,Disengaged
CUST00486,Deal Seeker
CUST00332,Deal Seeker
CUST00789,Occasional Big Spender
CUST00195,Premium Loyalist
CUST00638,Occasional Big Spender
CUST00472,Digital Regular
CUST01714,Disengaged
CUST00323,Deal Seeker
CUST01197,Deal Seeker
CUST00267,Deal Seeker
CUST01544,Premium Loyalist
CUST01804,Occasional Big Spender
CUST00068,Deal Seeker
CUST01738,Deal Seeker
CUST01593,Disengaged
CUST01564,Disengaged
CUST00481,Deal Seeker
CUST01757,Premium Loyalist
CUST01913,Disengaged
CUST01441,Deal Seeker
CUST01461,Occasional Big Spender
CUST00888,Premium Loyalist
CUST00423,Premium Loyalist
CUST01675,Occasional Big Spender
CUST01450,Deal Seeker
CUST00765,Disengaged
CUST00520,Disengaged
CUST01432,Digital Regular
CUST00614,Disengaged
CUST01531,Deal Seeker
CUST01783,Deal Seeker
CUST01659,Deal Seeker
CUST00454,Premium Loyalist
CUST00731,Deal Seeker
CUST00535,Premium Loyalist
CUST00966,Digital Regular
CUST01285,Disengaged
CUST01740,Occasional Big Spender
CUST00262,Disengaged
CUST00536,Deal Seeker
CUST00969,Digital Regular
CUST00241,Disengaged
CUST00820,Deal Seeker
CUST00693,Deal Seeker
CUST00421,Digital Regular
CUST01086,Occasional Big Spender
CUST01999,Disengaged
CUST00366,Deal Seeker
CUST01023,Disengaged
CUST01241,Disengaged
CUST00589,Deal Seeker
CUST00737,Deal Seeker
CUST01762,Premium Loyalist
CUST00942,Disengaged
CUST00072,Deal Seeker
CUST01408,Premium Loyalist
CUST00260,Digital Regular
CUST00052,Premium Loyalist
CUST00199,Deal Seeker
CUST01789,Disengaged
CUST00651,Deal Seeker
CUST00333,Occasional Big Spender
CUST01360,Premium Loyalist
CUST00594,Digital Regular
CUST01392,Disengaged
CUST01801,Digital Regular
CUST01315,Premium Loyalist
CUST01112,Deal Seeker
CUST01007,Disengaged
CUST01327,Deal Seeker
CUST00427,Deal Seeker
CUST01559,Digital Regular
CUST01294,Deal Seeker
CUST00591,Disengaged
CUST01958,Premium Loyalist
CUST01977,Digital Regular
CUST01133,Premium Loyalist
CUST00986,Disengaged
CUST00399,Digital Regular
CUST01512,Deal Seeker
CUST00437,Premium Loyalist
CUST00193,Premium Loyalist
CUST01436,Disengaged
CUST00615,Deal Seeker
CUST01494,Occasional Big Spender
CUST00577,Disengaged
CUST00987,Deal Seeker
CUST01433,Premium Loyalist
CUST00707,Occasional Big Spender
CUST01259,Digital Regular
CUST00142,Digital Regular
CUST01358,Digital Regular
CUST00003,Disengaged
CUST01222,Deal Seeker
CUST01870,Disengaged
CUST01623,Disengaged
CUST00340,Disengaged
CUST01770,Disengaged
CUST01537,Occasional Big Spender
CUST00484,Deal Seeker
CUST00266,Premium Loyalist
CUST00377,Disengaged
CUST00742,Premium Loyalist
CUST01014,Disengaged
CUST00440,Digital Regular
CUST00272,Premium Loyalist
CUST00185,Occasional Big Spender
CUST00940,Premium Loyalist
CUST00245,Digital Regular
CUST00932,Deal Seeker
CUST00446,Occasional Big Spender
CUST00597,Occasional Big Spender
CUST00818,Digital Regular
CUST01273,Deal Seeker
CUST01677,Occasional Big Spender
CUST00487,Digital Regular
CUST00681,Premium Loyalist
CUST00416,Deal Seeker
CUST00274,Digital Regular
CUST01472,Deal Seeker
CUST01830,Digital Regular
CUST01455,Deal Seeker
CUST00251,Digital Regular
CUST00414,Disengaged
CUST01386,Premium Loyalist
CUST01308,Digital Regular
CUST00716,Deal Seeker
CUST00311,Digital Regular
CUST00927,Premium Loyalist
CUST00382,Disengaged
CUST01566,Digital Regular
CUST00426,Disengaged
CUST01875,Disengaged
CUST00533,Deal Seeker
CUST00753,Deal Seeker
CUST00766,Premium Loyalist
CUST01357,Digital Regular
CUST00409,Premium Loyalist
CUST01615,Disengaged
CUST00695,Disengaged
CUST01739,Digital Regular
CUST00549,Occasional Big Spender
CUST00937,Disengaged
CUST01390,Premium Loyalist
CUST01608,Deal Seeker
CUST01940,Premium Loyalist
CUST01482,Premium Loyalist
CUST00183,Digital Regular
CUST01941,Deal Seeker
CUST01161,Premium Loyalist
CUST00171,Deal Seeker
CUST00293,Disengaged
CUST00562,Deal Seeker
CUST01457,Deal Seeker
CUST01877,Deal Seeker
CUST01652,Deal Seeker
CUST00850,Disengaged
CUST00273,Premium Loyalist
CUST01550,Deal Seeker
CUST01035,Deal Seeker
CUST01744,Disengaged
CUST00372,Deal Seeker
CUST01670,Disengaged
CUST00722,Digital Regular
CUST00734,Deal Seeker
CUST00778,Premium Loyalist
CUST00519,Premium Loyalist
CUST00335,Premium Loyalist
CUST00846,Disengaged
CUST01252,Premium Loyalist
CUST01053,Deal Seeker
CUST01924,Deal Seeker
CUST00016,Deal Seeker
CUST00708,Occasional Big Spender
CUST00901,Digital Regular
CUST01980,Deal Seeker
CUST01573,Digital Regular
CUST00904,Digital Regular
CUST00466,Occasional Big Spender
CUST01978,Disengaged
CUST00200,Deal Seeker
CUST01207,Digital Regular
CUST01056,Occasional Big Spender
CUST01132,Digital Regular
CUST01380,Deal Seeker
CUST00999,Disengaged
CUST00728,Premium Loyalist
CUST01772,Occasional Big Spender
CUST01910,Disengaged
CUST01822,Digital Regular
CUST00568,Premium Loyalist
CUST00044,Deal Seeker
CUST00275,Occasional Big Spender
CUST01097,Deal Seeker
CUST00102,Occasional Big Spender
CUST01232,Digital Regular
CUST01722,Deal Seeker
CUST01833,Digital Regular
CUST00108,Deal Seeker
CUST01618,Digital Regular
CUST00498,Digital Regular
CUST01981,Disengaged
CUST00882,Digital Regular
CUST00757,Deal Seeker
CUST00620,Premium Loyalist
CUST01107,Premium Loyalist
CUST01936,Premium Loyalist
CUST00810,Disengaged
CUST01038,Deal Seeker
CUST00073,Disengaged
CUST01284,Digital Regular
CUST01272,Deal Seeker
CUST01335,Disengaged
CUST01459,Disengaged
CUST00482,Deal Seeker
CUST01069,Premium Loyalist
CUST00507,Deal Seeker
CUST01238,Deal Seeker
CUST01862,Disengaged
CUST01990,Premium Loyalist
CUST01477,Digital Regular
CUST01867,Disengaged
CUST01456,Premium Loyalist
CUST00312,Deal Seeker
CUST00963,Premium Loyalist
CUST00406,Disengaged
CUST01331,Occasional Big Spender
CUST01650,Disengaged
CUST00310,Premium Loyalist
CUST00227,Premium Loyalist
CUST01858,Deal Seeker
CUST00711,Disengaged
CUST01944,Premium Loyalist
CUST01384,Disengaged
CUST01786,Disengaged
CUST00149,Digital Regular
CUST01555,Deal Seeker
CUST01957,Digital Regular
CUST00926,Deal Seeker
CUST00943,Premium Loyalist
CUST00837,Occasional Big Spender
CUST00576,Digital Regular
CUST00558,Digital Regular
CUST01236,Premium Loyalist
CUST01361,Digital Regular
CUST01348,Deal Seeker
CUST01162,Digital Regular
CUST01443,Premium Loyalist
CUST00287,Premium Loyalist
CUST01605,Deal Seeker
CUST01058,Deal Seeker
CUST00599,Disengaged
CUST00933,Deal Seeker
CUST01462,Digital Regular
CUST01638,Disengaged
CUST01588,Digital Regular
CUST01041,Premium Loyalist
CUST01231,Deal Seeker
CUST00807,Occasional Big Spender
CUST00905,Disengaged
CUST01680,Digital Regular
CUST01205,Premium Loyalist
CUST00768,Premium Loyalist
CUST00610,Digital Regular
CUST01993,Deal Seeker
CUST01565,Occasional Big Spender
CUST01423,Digital Regular
CUST01011,Digital Regular
CUST00494,Deal Seeker
CUST01321,Digital Regular
CUST00278,Digital Regular
CUST01847,Deal Seeker
CUST00359,Digital Regular
CUST01111,Premium Loyalist
CUST00237,Digital Regular
CUST00552,Premium Loyalist
CUST01868,Deal Seeker
CUST01813,Occasional Big Spender
CUST00209,Premium Loyalist
CUST01387,Occasional Big Spender
CUST01561,Disengaged
CUST00059,Premium Loyalist
CUST00632,Disengaged
CUST01962,Deal Seeker
CUST01860,Deal Seeker
CUST01817,Occasional Big Spender
CUST00364,Premium Loyalist
CUST00506,Occasional Big Spender
CUST01166,Disengaged
CUST01122,Premium Loyalist
CUST01630,Deal Seeker
CUST01217,Deal Seeker
CUST01152,Disengaged
CUST01125,Deal Seeker
CUST01595,Disengaged
CUST00119,Digital Regular
CUST01250,Disengaged
CUST01994,Premium Loyalist
CUST00523,Premium Loyalist
CUST00514,Deal Seeker
CUST00082,Deal Seeker
CUST00916,Disengaged
CUST01019,Premium Loyalist
CUST00381,Digital Regular
CUST01030,Deal Seeker
CUST01689,Digital Regular
CUST00085,Premium Loyalist
CUST01678,Digital Regular
CUST00330,Deal Seeker
CUST00007,Occasional Big Spender
CUST00746,Digital Regular
CUST01554,Deal Seeker
CUST00915,Disengaged
CUST00874,Deal Seeker
CUST00452,Disengaged
CUST00491,Occasional Big Spender
CUST01481,Deal Seeker
CUST00288,Deal Seeker
CUST00949,Disengaged
CUST01986,Disengaged
CUST01369,Deal Seeker
CUST01147,Occasional Big Spender
CUST00706,Digital Regular
CUST01727,Deal Seeker
CUST01702,Disengaged
CUST01629,Deal Seeker
CUST01600,Deal Seeker
CUST01539,Disengaged
CUST01406,Deal Seeker
CUST01651,Deal Seeker
CUST00328,Digital Regular
CUST00443,Occasional Big Spender
CUST00775,Premium Loyalist
CUST01088,Occasional Big Spender
CUST01221,Premium Loyalist
CUST01636,Deal Seeker
CUST00178,Disengaged
CUST01323,Premium Loyalist
CUST00705,Deal Seeker
CUST00087,Occasional Big Spender
CUST01884,Occasional Big Spender
CUST01948,Disengaged
CUST00458,Digital Regular
CUST01829,Disengaged
CUST00055,Occasional Big Spender
CUST01502,Disengaged
CUST00644,Deal Seeker
CUST00678,Digital Regular
CUST00222,Digital Regular
CUST00114,Digital Regular
CUST00983,Occasional Big Spender
CUST01229,Disengaged
CUST01000,Deal Seeker
CUST00175,Premium Loyalist
CUST00782,Disengaged
CUST00590,Premium Loyalist
CUST01560,Disengaged
CUST00019,Disengaged
CUST00424,Premium Loyalist
CUST01344,Digital Regular
CUST00286,Deal Seeker
CUST01584,Deal Seeker
CUST00429,Premium Loyalist
CUST01510,Occasional Big Spender
CUST01319,Occasional Big Spender
CUST00670,Deal Seeker
CUST00032,Disengaged
CUST00941,Deal Seeker
CUST00723,Premium Loyalist
CUST00995,Disengaged
CUST00215,Occasional Big Spender
CUST00814,Digital Regular
CUST00327,Disengaged
CUST00561,Premium Loyalist
CUST01113,Digital Regular
CUST00701,Deal Seeker
CUST01579,Disengaged
CUST01190,Digital Regular
CUST00342,Disengaged
CUST00630,Disengaged
CUST00148,Digital Regular
CUST01310,Disengaged
CUST00361,Disengaged
CUST00084,Premium Loyalist
CUST00049,Occasional Big Spender
CUST00469,Premium Loyalist
CUST00156,Occasional Big Spender
CUST00773,Digital Regular
CUST01240,Premium Loyalist
CUST01201,Digital Regular
CUST01403,Disengaged
CUST01203,Disengaged
CUST01631,Digital Regular
CUST00501,Occasional Big Spender
CUST01765,Premium Loyalist
CUST00180,Occasional Big Spender
CUST01048,Occasional Big Spender
CUST01756,Digital Regular
CUST00951,Digital Regular
CUST01317,Digital Regular
CUST01620,Premium Loyalist
CUST00529,Occasional Big Spender
CUST00347,Disengaged
CUST01388,Deal Seeker
CUST01961,Digital Regular
CUST01051,Digital Regular
CUST01973,Occasional Big Spender
CUST01442,Premium Loyalist
CUST00602,Occasional Big Spender
CUST01282,Deal Seeker
CUST00244,Digital Regular
CUST01337,Deal Seeker
CUST01068,Occasional Big Spender
CUST01476,Digital Regular
CUST00313,Deal Seeker
CUST00436,Deal Seeker
CUST01899,Premium Loyalist
CUST01329,Deal Seeker
CUST00309,Deal Seeker
CUST00431,Disengaged
CUST00661,Deal Seeker
CUST00371,Occasional Big Spender
CUST00567,Occasional Big Spender
CUST00980,Deal Seeker
CUST00182,Disengaged
CUST01363,Digital Regular
CUST00622,Digital Regular
CUST00819,Digital Regular
CUST01193,Disengaged
CUST00953,Deal Seeker
CUST01422,Digital Regular
CUST01841,Premium Loyalist
CUST00923,Digital Regular
CUST01074,Disengaged
CUST00297,Disengaged
CUST00967,Disengaged
CUST00462,Premium Loyalist
CUST01303,Occasional Big Spender
CUST01177,Digital Regular
CUST00378,Digital Regular
CUST00799,Occasional Big Spender
CUST01103,Occasional Big Spender
CUST00106,Occasional Big Spender
CUST00127,Deal Seeker
CUST01996,Occasional Big Spender
CUST00839,Deal Seeker
CUST00356,Digital Regular
CUST01617,Premium Loyalist
CUST00683,Premium Loyalist
CUST00813,Disengaged
CUST01681,Occasional Big Spender
CUST00210,Digital Regular
CUST01493,Digital Regular
CUST00141,Digital Regular
CUST01975,Premium Loyalist
CUST01340,Deal Seeker
CUST01798,Deal Seeker
CUST01575,Premium Loyalist
CUST01182,Premium Loyalist
CUST01394,Premium Loyalist
CUST01816,Digital Regular
CUST00712,Occasional Big Spender
CUST01794,Occasional Big Spender
CUST00893,Deal Seeker
CUST00860,Digital Regular
CUST00011,Deal Seeker
CUST01695,Occasional Big Spender
CUST01428,Premium Loyalist
CUST00283,Deal Seeker
CUST00811,Premium Loyalist
CUST01342,Disengaged
CUST00292,Premium Loyalist
CUST00755,Occasional Big Spender
CUST00627,Occasional Big Spender
CUST00944,Deal Seeker
CUST00862,Occasional Big Spender
CUST00130,Digital Regular
CUST01176,Occasional Big Spender
CUST00324,Digital Regular
CUST01091,Deal Seeker
CUST00844,Deal Seeker
CUST00964,Premium Loyalist
CUST01865,Digital Regular
CUST00866,Disengaged
CUST00922,Disengaged
CUST00696,Digital Regular
CUST00216,Occasional Big Spender
CUST01781,Premium Loyalist
CUST01262,Deal Seeker
CUST00159,Occasional Big Spender
CUST01059,Digital Regular
CUST00989,Deal Seeker
CUST00842,Occasional Big Spender
CUST00635,Premium Loyalist
CUST00517,Deal Seeker
CUST01429,Occasional Big Spender
CUST01748,Digital Regular
CUST00598,Digital Regular
CUST00196,Premium Loyalist
CUST01784,Premium Loyalist
CUST00870,Deal Seeker
CUST00411,Digital Regular
CUST00097,Deal Seeker
CUST01001,Premium Loyalist
CUST01506,Digital Regular
CUST00157,Deal Seeker
CUST00420,Disengaged
CUST01803,Premium Loyalist
CUST00478,Digital Regular
CUST01856,Disengaged
CUST00669,Deal Seeker
CUST01418,Digital Regular
CUST01872,Digital Regular
CUST01300,Deal Seeker
CUST00448,Digital Regular
CUST00554,Disengaged
CUST00179,Disengaged
CUST00391,Digital Regular
CUST00579,Disengaged
CUST01478,Disengaged
CUST01707,Premium Loyalist
CUST01288,Deal Seeker
CUST01645,Deal Seeker
CUST01024,Digital Regular
CUST00821,Premium Loyalist
CUST01825,Occasional Big Spender
CUST00985,Premium Loyalist
CUST01339,Disengaged
CUST00665,Deal Seeker
CUST00143,Disengaged
CUST01517,Premium Loyalist
CUST01430,Digital Regular
CUST00865,Premium Loyalist
CUST00422,Premium Loyalist
CUST00637,Occasional Big Spender
CUST01407,Disengaged
CUST00800,Occasional Big Spender
CUST01404,Deal Seeker
CUST00616,Occasional Big Spender
CUST00295,Disengaged
CUST00924,Digital Regular
CUST01269,Digital Regular
CUST01903,Disengaged
CUST00089,Premium Loyalist
CUST00042,Disengaged
CUST01802,Digital Regular
CUST01934,Disengaged
CUST00132,Disengaged
CUST01002,Digital Regular
CUST01158,Premium Loyalist
CUST01095,Digital Regular
CUST01855,Disengaged
CUST01345,Disengaged
CUST01499,Deal Seeker
CUST00165,Digital Regular
CUST00725,Premium Loyalist
CUST00291,Disengaged
CUST01209,Deal Seeker
CUST01589,Deal Seeker
CUST01897,Digital Regular
CUST01642,Premium Loyalist
CUST01362,Deal Seeker
CUST00779,Occasional Big Spender
CUST00840,Digital Regular
CUST00349,Digital Regular
CUST01945,Disengaged
CUST00572,Disengaged
CUST00918,Premium Loyalist
CUST00977,Digital Regular
CUST01914,Digital Regular
CUST01469,Occasional Big Spender
CUST01592,Premium Loyalist
CUST01318,Premium Loyalist
CUST01845,Premium Loyalist
CUST00137,Disengaged
CUST00459,Occasional Big Spender
CUST00376,Premium Loyalist
CUST01343,Digital Regular
CUST00334,Disengaged
CUST01160,Occasional Big Spender
CUST01761,Deal Seeker
CUST01458,Digital Regular
CUST00817,Disengaged
CUST01115,Disengaged
CUST01006,Deal Seeker
CUST01857,Deal Seeker
CUST01955,Disengaged
CUST01851,Deal Seeker
CUST00911,Occasional Big Spender
CUST01930,Digital Regular
CUST01126,Digital Regular
CUST00329,Digital Regular
CUST01248,Deal Seeker
CUST00319,Deal Seeker
CUST01690,Deal Seeker
CUST01359,Occasional Big Spender
CUST01733,Occasional Big Spender
CUST00168,Disengaged
CUST00013,Digital Regular
CUST01927,Deal Seeker
CUST00172,Digital Regular
CUST00650,Premium Loyalist
CUST01062,Digital Regular
CUST00261,Premium Loyalist
CUST01367,Deal Seeker
CUST01549,Deal Seeker
CUST00902,Deal Seeker
CUST00673,Disengaged
CUST00259,Premium Loyalist
CUST00845,Premium Loyalist
CUST00868,Occasional Big Spender
CUST01800,Digital Regular
CUST00139,Occasional Big Spender
CUST00894,Premium Loyalist
CUST01838,Digital Regular
CUST00550,Digital Regular
CUST00320,Disengaged
CUST01527,Deal Seeker
CUST01806,Occasional Big Spender
CUST01178,Deal Seeker
CUST00559,Digital Regular
CUST00140,Premium Loyalist
CUST01735,Disengaged
CUST00532,Occasional Big Spender
CUST00225,Deal Seeker
CUST00724,Disengaged
CUST00787,Disengaged
CUST01718,Digital Regular
CUST01008,Deal Seeker
CUST00410,Disengaged
CUST00326,Digital Regular
CUST01766,Premium Loyalist
CUST00300,Digital Regular
CUST01263,Deal Seeker
CUST01946,Disengaged
CUST00026,Deal Seeker
CUST01859,Deal Seeker
CUST00715,Occasional Big Spender
CUST01010,Digital Regular
CUST00194,Disengaged
CUST00441,Disengaged
CUST00574,Occasional Big Spender
CUST00947,Occasional Big Spender
CUST00998,Premium Loyalist
CUST00504,Digital Regular
CUST00606,Occasional Big Spender
CUST01717,Deal Seeker
CUST01164,Premium Loyalist
CUST01787,Deal Seeker
CUST00847,Deal Seeker
CUST00004,Occasional Big Spender
CUST01287,Deal Seeker
CUST01223,Disengaged
CUST00468,Disengaged
CUST00322,Digital Regular
CUST00006,Disengaged
CUST00223,Digital Regular
CUST01375,Disengaged
CUST00548,Premium Loyalist
CUST00229,Digital Regular
CUST00040,Digital Regular
CUST00543,Disengaged
CUST00243,Deal Seeker
CUST00899,Deal Seeker
CUST01134,Occasional Big Spender
CUST01449,Digital Regular
CUST01869,Digital Regular
CUST00843,Digital Regular
CUST01419,Disengaged
CUST01654,Premium Loyalist
CUST01970,Digital Regular
CUST00662,Disengaged
CUST01211,Occasional Big Spender
CUST00315,Deal Seeker
CUST00692,Disengaged
CUST01504,Deal Seeker
CUST00425,Digital Regular
CUST00595,Premium Loyalist
CUST01964,Premium Loyalist
CUST00623,Disengaged
CUST01171,Deal Seeker
CUST01044,Digital Regular
CUST00228,Digital Regular
CUST01118,Occasional Big Spender
CUST01332,Digital Regular
CUST01316,Occasional Big Spender
CUST00067,Digital Regular
CUST00025,Occasional Big Spender
CUST00145,Digital Regular
CUST00537,Digital Regular
CUST00812,Premium Loyalist
CUST01467,Digital Regular
CUST00086,Premium Loyalist
CUST01661,Premium Loyalist
CUST01646,Digital Regular
CUST01805,Occasional Big Spender
CUST01818,Digital Regular
CUST01577,Occasional Big Spender
CUST01145,Deal Seeker
CUST00363,Premium Loyalist
CUST01612,Occasional Big Spender
CUST01866,Disengaged
CUST01027,Disengaged
CUST01031,Digital Regular
CUST01304,Deal Seeker
CUST01356,Premium Loyalist
CUST01731,Disengaged
CUST00666,Occasional Big Spender
CUST00365,Digital Regular
CUST00078,Digital Regular
CUST00028,Premium Loyalist
CUST01437,Deal Seeker
CUST00526,Deal Seeker
CUST01835,Deal Seeker
CUST00056,Occasional Big Spender
CUST00639,Occasional Big Spender
CUST00303,Digital Regular
CUST00719,Digital Regular
CUST00625,Disengaged
CUST00008,Occasional Big Spender
CUST00804,Digital Regular
CUST01050,Deal Seeker
CUST00337,Premium Loyalist
CUST00048,Deal Seeker
CUST01764,Premium Loyalist
CUST00107,Digital Regular
CUST00350,Premium Loyalist
CUST01080,Deal Seeker
CUST00239,Premium Loyalist
CUST00214,Disengaged
CUST01776,Digital Regular
CUST01139,Premium Loyalist
CUST00794,Premium Loyalist
CUST01587,Deal Seeker
CUST01583,Deal Seeker
CUST01672,Digital Regular
CUST00524,Digital Regular
CUST00233,Disengaged
CUST00645,Digital Regular
CUST01508,Digital Regular
CUST00534,Digital Regular
CUST01942,Digital Regular
CUST00604,Occasional Big Spender
CUST01330,Premium Loyalist
CUST01075,Disengaged
CUST01305,Disengaged
CUST00061,Digital Regular
CUST01264,Disengaged
CUST00093,Digital Regular
CUST00667,Disengaged
CUST00281,Premium Loyalist
CUST01114,Disengaged
CUST00360,Digital Regular
CUST01129,Digital Regular
CUST01170,Premium Loyalist
CUST00848,Occasional Big Spender
CUST01522,Digital Regular
CUST00111,Digital Regular
CUST00043,Occasional Big Spender
CUST00126,Digital Regular
CUST00205,Premium Loyalist
CUST00053,Occasional Big Spender
CUST00546,Digital Regular
CUST00069,Premium Loyalist
CUST01741,Deal Seeker
CUST01548,Occasional Big Spender
CUST00184,Deal Seeker
CUST00138,Digital Regular
CUST00900,Digital Regular
CUST00797,Premium Loyalist
CUST00133,Digital Regular
CUST00081,Digital Regular
CUST01987,Deal Seeker
CUST01541,Disengaged
CUST00542,Digital Regular
CUST01669,Premium Loyalist
CUST00984,Digital Regular
CUST00166,Deal Seeker
CUST00249,Deal Seeker
CUST00447,Disengaged
CUST01515,Disengaged
CUST00859,Deal Seeker
CUST01212,Disengaged
CUST00098,Premium Loyalist
CUST01974,Deal Seeker
CUST00738,Deal Seeker
CUST01256,Disengaged
CUST00103,Deal Seeker
CUST00435,Premium Loyalist
CUST00075,Premium Loyalist
CUST01792,Deal Seeker
CUST01235,Deal Seeker
CUST00919,Deal Seeker
CUST01712,Deal Seeker
CUST01671,Deal Seeker
CUST01621,Deal Seeker
CUST00763,Premium Loyalist
CUST00990,Occasional Big Spender
CUST00389,Premium Loyalist
CUST00236,Disengaged
CUST01507,Occasional Big Spender
CUST00268,Premium Loyalist
CUST01188,Disengaged
CUST00118,Occasional Big Spender
CUST01607,Disengaged
CUST00674,Occasional Big Spender
CUST00250,Deal Seeker
CUST01453,Disengaged
CUST01995,Digital Regular
CUST00095,Deal Seeker
CUST00034,Deal Seeker
CUST01464,Deal Seeker
CUST01668,Deal Seeker
CUST00449,Premium Loyalist
CUST00717,Digital Regular
CUST01810,Premium Loyalist
CUST01518,Disengaged
CUST00001,Occasional Big Spender
CUST01376,Premium Loyalist
CUST01102,Deal Seeker
CUST01109,Disengaged
CUST01227,Digital Regular
CUST00083,Disengaged
CUST01289,Digital Regular
CUST00677,Disengaged
CUST01921,Digital Regular
CUST01047,Deal Seeker
CUST00771,Deal Seeker
CUST01947,Deal Seeker
CUST01281,Deal Seeker
CUST01581,Disengaged
CUST01489,Disengaged
CUST00405,Disengaged
CUST01728,Disengaged
CUST01299,Occasional Big Spender
CUST01341,Premium Loyalist
CUST00105,Occasional Big Spender
CUST00689,Occasional Big Spender
CUST01306,Disengaged
CUST00827,Digital Regular
CUST00063,Digital Regular
CUST00853,Disengaged
CUST01354,Deal Seeker
CUST00224,Disengaged
CUST00146,Deal Seeker
CUST01089,Digital Regular
CUST00374,Deal Seeker
CUST01421,Occasional Big Spender
CUST01143,Disengaged
CUST01827,Digital Regular
CUST01495,Deal Seeker
CUST01602,Premium Loyalist
CUST01271,Disengaged
CUST00010,Digital Regular
CUST00450,Digital Regular
CUST00709,Digital Regular
CUST00256,Occasional Big Spender
CUST00883,Disengaged
CUST00390,Disengaged
CUST00909,Deal Seeker
CUST00925,Premium Loyalist
CUST01704,Digital Regular
CUST01233,Deal Seeker
CUST00461,Digital Regular
CUST01270,Digital Regular
CUST01760,Disengaged
CUST01169,Disengaged
CUST00959,Digital Regular
CUST00502,Disengaged
CUST00740,Deal Seeker
CUST01850,Occasional Big Spender
CUST00869,Premium Loyalist
CUST00732,Premium Loyalist
CUST00540,Disengaged
CUST01202,Digital Regular
CUST00698,Digital Regular
CUST01393,Premium Loyalist
CUST01377,Digital Regular
CUST01146,Deal Seeker
CUST01032,Occasional Big Spender
CUST00373,Deal Seeker
CUST00668,Disengaged
CUST01526,Premium Loyalist
CUST00358,Occasional Big Spender
CUST00968,Premium Loyalist
CUST00784,Digital Regular
CUST00736,Occasional Big Spender
CUST01036,Digital Regular
CUST00971,Deal Seeker
CUST01525,Occasional Big Spender
CUST01487,Disengaged
CUST01524,Occasional Big Spender
CUST01491,Premium Loyalist
CUST01643,Digital Regular
CUST01253,Premium Loyalist
CUST01694,Occasional Big Spender
CUST01750,Digital Regular
CUST01237,Deal Seeker
CUST00886,Deal Seeker
CUST00080,Occasional Big Spender
CUST01173,Deal Seeker
CUST00815,Premium Loyalist
CUST01286,Disengaged
CUST00672,Digital Regular
CUST01532,Premium Loyalist
CUST00058,Digital Regular
CUST00134,Deal Seeker
CUST01141,Deal Seeker
CUST00934,Occasional Big Spender
CUST01685,Premium Loyalist
CUST00824,Digital Regular
CUST01215,Deal Seeker
CUST00505,Digital Regular
CUST01775,Digital Regular
CUST00348,Deal Seeker
CUST00387,Occasional Big Spender
CUST01025,Digital Regular
CUST00895,Occasional Big Spender
CUST00829,Disengaged
CUST01893,Digital Regular
CUST00476,Deal Seeker
CUST01471,Disengaged
CUST01448,Digital Regular
CUST01582,Deal Seeker
CUST00653,Occasional Big Spender
CUST00173,Deal Seeker
CUST01150,Disengaged
CUST00039,Deal Seeker
CUST00714,Disengaged
CUST00091,Premium Loyalist
CUST01937,Digital Regular
CUST01206,Premium Loyalist
CUST00876,Disengaged
CUST01352,Disengaged
CUST01890,Digital Regular
CUST01094,Deal Seeker
CUST01156,Premium Loyalist
CUST01782,Occasional Big Spender
CUST01959,Disengaged
CUST00500,Digital Regular
CUST00339,Premium Loyalist
CUST01189,Premium Loyalist
CUST00029,Premium Loyalist
CUST01218,Digital Regular
CUST01400,Deal Seeker
CUST01821,Disengaged
CUST00946,Deal Seeker
CUST00170,Disengaged
CUST01405,Deal Seeker
CUST01198,Digital Regular
CUST01254,Digital Regular
CUST01614,Deal Seeker
CUST00913,Disengaged
CUST00492,Digital Regular
CUST00954,Premium Loyalist
CUST01098,Disengaged
CUST01033,Digital Regular
CUST00588,Deal Seeker
CUST00751,Deal Seeker
CUST00658,Deal Seeker
CUST00235,Disengaged
CUST00733,Premium Loyalist
CUST01989,Disengaged
CUST01633,Digital Regular
CUST01157,Premium Loyalist
CUST01470,Premium Loyalist
CUST01425,Deal Seeker
CUST01628,Deal Seeker
CUST00935,Occasional Big Spender
CUST01210,Deal Seeker
CUST01066,Disengaged
CUST00109,Premium Loyalist
CUST01543,Deal Seeker
CUST00569,Deal Seeker
CUST01168,Digital Regular
CUST01175,Digital Regular
CUST00891,Deal Seeker
CUST00948,Disengaged
CUST01049,Disengaged
CUST01353,Deal Seeker
CUST01778,Digital Regular
CUST01447,Disengaged
CUST00885,Deal Seeker
CUST01673,Occasional Big Spender
CUST00851,Premium Loyalist
CUST00735,Premium Loyalist
CUST00718,Premium Loyalist
CUST00455,Premium Loyalist
CUST00265,Disengaged
CUST00076,Deal Seeker
CUST01658,Disengaged
CUST00445,Deal Seeker
CUST00396,Digital Regular
CUST00177,Digital Regular
CUST01043,Digital Regular
CUST01736,Occasional Big Spender
CUST01402,Premium Loyalist
CUST01381,Digital Regular
CUST00596,Deal Seeker
CUST00062,Digital Regular
CUST01297,Premium Loyalist
CUST00873,Disengaged
CUST01490,Digital Regular
CUST01879,Digital Regular
CUST00279,Disengaged
CUST00037,Premium Loyalist
CUST01976,Deal Seeker
CUST00663,Deal Seeker
CUST01954,Disengaged
CUST01445,Deal Seeker
CUST00978,Deal Seeker
CUST01572,Digital Regular
CUST00739,Deal Seeker
CUST00192,Deal Seeker
CUST00920,Digital Regular
CUST00457,Disengaged
CUST00676,Deal Seeker
CUST00761,Occasional Big Spender
CUST01808,Digital Regular
CUST01603,Occasional Big Spender
CUST00729,Digital Regular
CUST00413,Premium Loyalist
CUST01099,Disengaged
CUST00826,Premium Loyalist
CUST01640,Occasional Big Spender
CUST00617,Occasional Big Spender
CUST00115,Premium Loyalist
CUST00418,Occasional Big Spender
CUST01911,Premium Loyalist
CUST00970,Deal Seeker
CUST00605,Disengaged
CUST01919,Digital Regular
CUST00090,Digital Regular
CUST00849,Premium Loyalist
CUST01520,Deal Seeker
CUST01918,Occasional Big Spender
CUST00754,Digital Regular
CUST00499,Deal Seeker
CUST01277,Deal Seeker
CUST01326,Disengaged
CUST00012,Disengaged
CUST00397,Disengaged
CUST00285,Digital Regular
CUST01067,Deal Seeker
CUST01192,Deal Seeker
CUST01745,Occasional Big Spender
CUST00691,Deal Seeker
CUST01753,Disengaged
CUST01876,Occasional Big Spender
CUST00690,Digital Regular
CUST00852,Deal Seeker
CUST00160,Occasional Big Spender
CUST00896,Disengaged
CUST01576,Deal Seeker
CUST00258,Premium Loyalist
CUST00336,Digital Regular
CUST01880,Digital Regular
CUST01040,Premium Loyalist
CUST00516,Premium Loyalist
CUST01349,Deal Seeker
CUST01016,Premium Loyalist
CUST00769,Premium Loyalist
CUST01747,Occasional Big Spender
CUST00762,Premium Loyalist
CUST01247,Digital Regular
CUST01204,Occasional Big Spender
CUST01468,Deal Seeker
CUST01984,Deal Seeker
CUST00522,Deal Seeker
CUST00023,Disengaged
CUST00357,Occasional Big Spender
CUST01278,Premium Loyalist
CUST01313,Digital Regular
CUST01683,Occasional Big Spender
CUST00341,Premium Loyalist
CUST00432,Occasional Big Spender
CUST00474,Premium Loyalist
CUST00218,Premium Loyalist
CUST00912,Disengaged
CUST01228,Digital Regular
CUST01597,Deal Seeker
CUST01012,Digital Regular
CUST01950,Disengaged
CUST00094,Deal Seeker
CUST01009,Occasional Big Spender
CUST01071,Disengaged
CUST01093,Deal Seeker
CUST01915,Premium Loyalist
CUST01309,Premium Loyalist
CUST00697,Occasional Big Spender
CUST01828,Digital Regular
CUST00997,Digital Regular
CUST00154,Digital Regular
CUST01100,Premium Loyalist
CUST01719,Digital Regular
CUST01998,Deal Seeker
CUST00790,Digital Regular
CUST00581,Digital Regular
CUST00704,Disengaged
CUST01213,Digital Regular
CUST01296,Deal Seeker
CUST01666,Disengaged
CUST01261,Premium Loyalist
CUST00488,Deal Seeker
CUST00560,Digital Regular
CUST01142,Occasional Big Spender
CUST01120,Disengaged
CUST00802,Deal Seeker
CUST00513,Premium Loyalist
CUST00634,Deal Seeker
CUST01922,Deal Seeker
CUST01788,Occasional Big Spender
CUST01546,Deal Seeker
CUST01151,Premium Loyalist
CUST00791,Deal Seeker
CUST00117,Occasional Big Spender
CUST00741,Premium Loyalist
CUST01691,Occasional Big Spender
CUST01082,Disengaged
CUST00831,Digital Regular
CUST00120,Digital Regular
CUST00657,Disengaged
CUST01908,Premium Loyalist
CUST00636,Premium Loyalist
CUST00370,Disengaged
CUST00269,Premium Loyalist
CUST00656,Deal Seeker
CUST00936,Deal Seeker
CUST00823,Deal Seeker
CUST00867,Disengaged
CUST00047,Deal Seeker
CUST01374,Disengaged
CUST01709,Disengaged
CUST00992,Occasional Big Spender
CUST00877,Deal Seeker
CUST00774,Disengaged
CUST01220,Premium Loyalist
CUST02000,Digital Regular
CUST00005,Premium Loyalist
CUST01004,Premium Loyalist
CUST01724,Digital Regular
CUST00264,Premium Loyalist
CUST01570,Digital Regular
CUST01831,Digital Regular
CUST00444,Deal Seeker
CUST01003,Premium Loyalist
CUST01078,Digital Regular
CUST00838,Disengaged
CUST01791,Occasional Big Spender
CUST00305,Disengaged
CUST01366,Digital Regular
CUST01558,Digital Regular
CUST00314,Deal Seeker
CUST00150,Premium Loyalist
CUST01149,Digital Regular
CUST01214,Deal Seeker
CUST00575,Disengaged
CUST00051,Deal Seeker
CUST01553,Deal Seeker
CUST00727,Deal Seeker
CUST00834,Occasional Big Spender
CUST01378,Disengaged
CUST01116,Premium Loyalist
CUST01167,Disengaged
CUST00471,Deal Seeker
CUST00972,Premium Loyalist
CUST00654,Deal Seeker
CUST00400,Digital Regular
CUST00512,Disengaged
CUST00321,Disengaged
CUST00020,Digital Regular
CUST00685,Digital Regular
CUST00036,Deal Seeker
CUST00903,Premium Loyalist
CUST01779,Deal Seeker
CUST00828,Deal Seeker
CUST01854,Occasional Big Spender
CUST00408,Disengaged
CUST00921,Premium Loyalist
CUST00538,Premium Loyalist
CUST00759,Premium Loyalist
CUST01905,Digital Regular
CUST01063,Deal Seeker
CUST01200,Occasional Big Spender
CUST00246,Disengaged
CUST01417,Digital Regular
CUST01128,Occasional Big Spender
CUST00785,Disengaged
CUST01743,Premium Loyalist
CUST00490,Digital Regular
CUST00155,Premium Loyalist
CUST00962,Digital Regular
CUST00854,Disengaged
CUST01312,Disengaged
CUST00626,Deal Seeker
CUST00686,Deal Seeker
CUST01562,Digital Regular
CUST00570,Digital Regular
CUST01909,Disengaged
CUST00018,Premium Loyalist
CUST00128,Premium Loyalist
CUST01347,Deal Seeker
CUST01280,Digital Regular
CUST01969,Digital Regular
CUST00928,Disengaged
CUST00981,Disengaged
CUST01965,Occasional Big Spender
CUST00191,Disengaged
CUST01140,Occasional Big Spender
CUST00993,Occasional Big Spender
CUST01956,Disengaged
CUST01657,Deal Seeker
CUST00607,Disengaged
CUST00181,Disengaged
CUST00302,Premium Loyalist
CUST00497,Digital Regular
CUST01721,Premium Loyalist
CUST01710,Deal Seeker
CUST01888,Deal Seeker
CUST01992,Occasional Big Spender
CUST00518,Occasional Big Spender
CUST01985,Digital Regular
CUST01070,Deal Seeker
CUST00477,Deal Seeker
CUST00158,Digital Regular
CUST01244,Premium Loyalist
CUST01196,Deal Seeker
CUST00017,Digital Regular
CUST01536,Digital Regular
CUST01073,Digital Regular
CUST01972,Disengaged
CUST00547,Deal Seeker
CUST01540,Digital Regular
CUST00659,Digital Regular
CUST01626,Occasional Big Spender
CUST01020,Digital Regular
CUST01663,Occasional Big Spender
CUST01505,Disengaged
CUST00960,Digital Regular
CUST01882,Digital Regular
CUST00284,Deal Seeker
CUST00798,Premium Loyalist
CUST01627,Deal Seeker
CUST00226,Disengaged
CUST00027,Digital Regular
CUST01771,Digital Regular
CUST00438,Digital Regular
CUST01949,Premium Loyalist
CUST01389,Disengaged
CUST00230,Premium Loyalist
CUST00038,Digital Regular
CUST00750,Disengaged
CUST01046,Deal Seeker
CUST01399,Digital Regular
CUST00470,Digital Regular
CUST01693,Deal Seeker
CUST01968,Disengaged
CUST00688,Disengaged
CUST01844,Disengaged
CUST00640,Disengaged
CUST01713,Disengaged
CUST01219,Occasional Big Spender
CUST01159,Digital Regular
CUST01416,Occasional Big Spender
CUST01528,Digital Regular
CUST01656,Deal Seeker
CUST01301,Deal Seeker
CUST01823,Digital Regular
CUST00801,Occasional Big Spender
CUST01604,Disengaged
CUST00161,Premium Loyalist
CUST00957,Occasional Big Spender
CUST01187,Deal Seeker
CUST00822,Digital Regular
CUST01682,Disengaged
CUST00878,Deal Seeker
CUST00914,Disengaged
CUST00153,Premium Loyalist
CUST01871,Deal Seeker
CUST01777,Occasional Big Spender
CUST00510,Premium Loyalist
CUST01136,Deal Seeker
CUST01251,Premium Loyalist
CUST01684,Deal Seeker
CUST00104,Disengaged
CUST01446,Digital Regular
CUST01444,Premium Loyalist
CUST00587,Premium Loyalist
CUST01769,Premium Loyalist
CUST01144,Disengaged
CUST00054,Digital Regular
CUST00152,Disengaged
CUST00404,Premium Loyalist
CUST01943,Deal Seeker
CUST00208,Occasional Big Spender
CUST01895,Deal Seeker
CUST01123,Disengaged
CUST01891,Deal Seeker
CUST00009,Premium Loyalist
CUST01015,Deal Seeker
CUST01907,Digital Regular
CUST01061,Disengaged
CUST00453,Occasional Big Spender
CUST00254,Deal Seeker
CUST01328,Digital Regular
CUST00897,Deal Seeker
CUST01734,Deal Seeker
CUST00881,Deal Seeker
CUST01596,Occasional Big Spender
CUST01889,Disengaged
CUST00624,Digital Regular
CUST00346,Occasional Big Spender
CUST01703,Deal Seeker
CUST00263,Deal Seeker
CUST01635,Disengaged
CUST01322,Digital Regular
CUST01439,Disengaged
CUST00151,Disengaged
CUST00473,Premium Loyalist
CUST00641,Occasional Big Spender
CUST01983,Disengaged
CUST01883,Deal Seeker
CUST00551,Digital Regular
CUST01780,Digital Regular
CUST00929,Digital Regular
CUST00489,Digital Regular
CUST01812,Digital Regular
CUST01172,Occasional Big Spender
CUST00147,Deal Seeker
CUST01705,Digital Regular
CUST01929,Premium Loyalist
CUST00403,Occasional Big Spender
CUST00955,Disengaged
CUST01878,Deal Seeker
CUST00660,Deal Seeker
CUST01373,Deal Seeker
CUST00464,Deal Seeker
CUST01350,Premium Loyalist
CUST00187,Deal Seeker
CUST01148,Disengaged
CUST01225,Premium Loyalist
CUST00609,Occasional Big Spender
CUST00144,Digital Regular
CUST00752,Deal Seeker
CUST01535,Premium Loyalist
CUST00982,Disengaged
CUST00198,Disengaged
CUST01634,Occasional Big Spender
CUST00884,Digital Regular
CUST00280,Disengaged
CUST00294,Premium Loyalist
CUST01824,Digital Regular
CUST00401,Deal Seeker
CUST00123,Premium Loyalist
CUST01208,Digital Regular
CUST00203,Digital Regular
CUST01463,Deal Seeker
CUST00836,Digital Regular
CUST00247,Digital Regular
CUST01440,Disengaged
CUST01754,Disengaged
CUST01902,Premium Loyalist
CUST01708,Deal Seeker
CUST01881,Digital Regular
CUST01154,Premium Loyalist
CUST01662,Digital Regular
CUST01427,Premium Loyalist
CUST00385,Deal Seeker
CUST01759,Disengaged
CUST00855,Deal Seeker
CUST01590,Premium Loyalist
CUST00220,Deal Seeker
CUST00642,Disengaged
CUST00002,Digital Regular
CUST00113,Deal Seeker
CUST00699,Digital Regular
CUST01916,Deal Seeker
CUST00952,Deal Seeker
CUST01649,Disengaged
CUST01637,Deal Seeker
CUST01886,Deal Seeker
CUST01411,Disengaged
CUST01410,Occasional Big Spender
CUST01534,Occasional Big Spender
CUST01292,Digital Regular
CUST01809,Deal Seeker
CUST00442,Premium Loyalist
CUST01521,Deal Seeker
CUST01137,Digital Regular
CUST01716,Occasional Big Spender
CUST01257,Occasional Big Spender
CUST01864,Digital Regular
CUST01632,Disengaged
CUST01696,Digital Regular
CUST01398,Disengaged
CUST00664,Premium Loyalist
CUST01836,Premium Loyalist
CUST01258,Disengaged
CUST01774,Disengaged
CUST01701,Disengaged
CUST00318,Occasional Big Spender
CUST00649,Occasional Big Spender
CUST01435,Deal Seeker
CUST01480,Digital Regular
CUST00710,Digital Regular
CUST01383,Digital Regular
CUST01283,Digital Regular
CUST00973,Premium Loyalist
CUST00628,Premium Loyalist
CUST00633,Premium Loyalist
CUST01307,Digital Regular
CUST01401,Digital Regular
CUST01409,Disengaged
CUST01249,Disengaged
CUST01953,Occasional Big Spender
CUST01255,Premium Loyalist
CUST01497,Disengaged
CUST01372,Disengaged
CUST01530,Deal Seeker
CUST01664,Deal Seeker
CUST01355,Disengaged
CUST01926,Premium Loyalist
CUST01901,Digital Regular
CUST01644,Deal Seeker
CUST01849,Deal Seeker
CUST00796,Deal Seeker
CUST00646,Disengaged
CUST01013,Digital Regular
CUST01840,Occasional Big Spender
CUST00557,Deal Seeker
CUST00682,Deal Seeker
CUST00578,Digital Regular
CUST01110,Deal Seeker
CUST01267,Premium Loyalist
CUST01723,Occasional Big Spender
CUST01184,Premium Loyalist
CUST00525,Premium Loyalist
CUST01060,Occasional Big Spender
CUST00541,Disengaged
CUST01195,Disengaged
CUST01679,Disengaged
CUST00749,Occasional Big Spender
CUST01852,Disengaged
CUST01431,Disengaged
CUST00485,Premium Loyalist
CUST01758,Disengaged
CUST00096,Digital Regular
CUST01021,Disengaged
CUST00564,Digital Regular
CUST01265,Digital Regular
CUST00743,Disengaged
CUST00864,Digital Regular
CUST01599,Disengaged
CUST01715,Deal Seeker
CUST01485,Digital Regular
CUST00892,Disengaged
CUST01578,Disengaged
CUST01039,Digital Regular
CUST00207,Premium Loyalist
CUST00393,Digital Regular
CUST00795,Premium Loyalist
CUST00871,Occasional Big Spender
CUST00398,Deal Seeker
CUST00767,Deal Seeker
CUST01842,Digital Regular
CUST01242,Deal Seeker
CUST01029,Occasional Big Spender
CUST01793,Deal Seeker
CUST00643,Premium Loyalist
CUST01892,Occasional Big Spender
CUST00613,Disengaged
CUST01763,Deal Seeker
CUST00961,Digital Regular
CUST01571,Deal Seeker
CUST00726,Premium Loyalist
CUST00684,Digital Regular
CUST00099,Premium Loyalist
CUST00805,Premium Loyalist
CUST01752,Deal Seeker
CUST01598,Premium Loyalist
CUST00407,Deal Seeker
CUST00503,Disengaged
CUST01072,Digital Regular
CUST01057,Disengaged
CUST00930,Occasional Big Spender
CUST00780,Disengaged
CUST00201,Occasional Big Spender
CUST00135,Digital Regular
CUST01052,Premium Loyalist
CUST00041,Digital Regular
CUST01018,Disengaged
CUST00231,Premium Loyalist
CUST01514,Occasional Big Spender
CUST01797,Digital Regular
CUST00379,Deal Seeker
CUST00289,Digital Regular
CUST00419,Deal Seeker
CUST01699,Disengaged
CUST00392,Premium Loyalist
CUST00593,Deal Seeker
CUST01523,Disengaged
CUST01163,Disengaged
CUST01087,Occasional Big Spender
CUST01496,Digital Regular
CUST00648,Digital Regular
CUST01153,Premium Loyalist
CUST01368,Premium Loyalist
CUST00521,Disengaged
CUST01863,Disengaged
CUST00065,Digital Regular
CUST01837,Premium Loyalist
CUST00015,Digital Regular
CUST01181,Occasional Big Spender
CUST01065,Deal Seeker
CUST00493,Digital Regular
CUST00380,Occasional Big Spender
CUST00188,Premium Loyalist
CUST00764,Premium Loyalist
CUST00217,Premium Loyalist
CUST00792,Deal Seeker
CUST01077,Digital Regular
CUST00879,Digital Regular
CUST00338,Occasional Big Spender
CUST01773,Digital Regular
CUST00720,Disengaged
CUST01749,Digital Regular
CUST00296,Disengaged
CUST01726,Premium Loyalist
CUST01017,Occasional Big Spender
CUST01276,Deal Seeker
CUST01751,Digital Regular
CUST01486,Premium Loyalist
CUST00456,Deal Seeker
CUST01997,Deal Seeker
CUST00816,Disengaged
CUST01887,Premium Loyalist
CUST00270,Premium Loyalist
CUST00996,Digital Regular
CUST00202,Disengaged
CUST00162,Disengaged
CUST01580,Disengaged
CUST00730,Digital Regular
CUST00402,Disengaged
CUST00703,Premium Loyalist
CUST01501,Occasional Big Spender
CUST01846,Digital Regular
CUST01796,Deal Seeker
CUST01130,Disengaged
CUST00566,Occasional Big Spender
CUST01414,Disengaged
CUST01022,Occasional Big Spender
CUST01026,Deal Seeker
CUST01412,Disengaged
CUST01896,Premium Loyalist
CUST01586,Disengaged
CUST01105,Premium Loyalist
CUST00206,Deal Seeker
CUST00035,Digital Regular
CUST00776,Disengaged
CUST00509,Digital Regular
CUST01452,Digital Regular
CUST01479,Digital Regular
CUST01971,Deal Seeker
CUST01391,Disengaged
CUST00092,Occasional Big Spender
CUST01364,Premium Loyalist
CUST00898,Deal Seeker
CUST00565,Digital Regular
CUST01370,Deal Seeker
CUST00777,Digital Regular
CUST00242,Occasional Big Spender
CUST00014,Disengaged
CUST00316,Deal Seeker
CUST00601,Digital Regular
CUST00388,Disengaged
CUST01298,Premium Loyalist
CUST00167,Disengaged
CUST00841,Premium Loyalist
CUST00021,Occasional Big Spender
CUST00647,Premium Loyalist
CUST01843,Premium Loyalist
CUST01509,Deal Seeker
CUST01155,Digital Regular
CUST01529,Premium Loyalist
CUST00832,Digital Regular
CUST01268,Disengaged
CUST01591,Deal Seeker
CUST01900,Premium Loyalist
CUST00563,Disengaged
CUST01952,Premium Loyalist
CUST00687,Deal Seeker
CUST00958,Digital Regular
CUST00190,Deal Seeker
CUST01807,Premium Loyalist
CUST00976,Digital Regular
CUST00700,Deal Seeker
CUST01500,Digital Regular
CUST01706,Disengaged
CUST00511,Premium Loyalist
CUST01083,Disengaged
CUST00475,Deal Seeker
CUST01585,Digital Regular
CUST00857,Occasional Big Spender
CUST00748,Digital Regular
CUST00253,Digital Regular
CUST00022,Deal Seeker
CUST01338,Digital Regular
CUST00460,Digital Regular
CUST01185,Premium Loyalist
CUST00277,Deal Seeker
CUST00956,Disengaged
CUST01216,Digital Regular
CUST00386,Disengaged
CUST00806,Premium Loyalist
CUST01438,Digital Regular
CUST01516,Deal Seeker
CUST00344,Digital Regular
CUST00770,Digital Regular
CUST01333,Digital Regular
CUST01686,Deal Seeker
CUST00131,Premium Loyalist
CUST01688,Digital Regular
CUST00872,Premium Loyalist
CUST01124,Premium Loyalist
CUST01397,Digital Regular
CUST00088,Digital Regular
CUST01483,Digital Regular
CUST00331,Occasional Big Spender
CUST01239,Premium Loyalist
CUST00467,Digital Regular
CUST00122,Digital Regular
CUST01639,Deal Seeker
CUST01045,Premium Loyalist
CUST01725,Digital Regular
CUST01096,Deal Seeker
CUST01131,Disengaged
CUST01295,Deal Seeker
CUST00861,Occasional Big Spender
CUST01460,Deal Seeker
CUST01127,Digital Regular
