square_feet,num_rooms,num_bathrooms,floor_number,distance_to_city_km,house_age_years,lot_area_sqft,garage_size,nearby_schools_rating,crime_rate_index,door_color,wallpaper_pattern,lucky_number,favorite_emoji,wifi_name_length,random_code,pet_name_length,does_owner_like_coffee,car_color,weekend_activity_score,price
3674,4,4,25,17.613246584380395,25,7744,1,7,9.058114802378523,Blue,Striped,90,ğŸ€,15,64144,9,0,White,6,396554.80850553635
1360,6,3,7,39.3818805924147,3,3426,1,4,6.998167427741522,Blue,Floral,53,ğŸŒŸ,19,23382,5,0,Blue,6,152188.86686009975
1794,6,4,3,6.408435385368848,33,6297,1,9,8.086483240770995,Red,Plain,71,ğŸŒŸ,13,14025,8,0,Blue,3,230255.69108082907
1630,5,2,3,18.8516445671145,47,6546,1,5,5.089108807608897,White,Striped,1,ğŸ’§,19,53226,9,1,Red,1,188258.35650488109
1595,1,4,18,27.37803674119335,17,7852,2,4,6.672224975105421,Blue,Floral,58,ğŸŒŸ,16,89380,5,0,Grey,4,143436.04405132268
3592,8,3,5,16.124030813258763,39,5402,2,7,3.2354524786888677,White,Geometric,90,ğŸ˜€,13,79711,8,1,Red,6,417464.09740689787
2138,5,1,12,39.00064414889225,34,5874,2,4,7.349147472551376,Blue,Plain,87,ğŸ€,6,84710,6,0,Blue,2,236065.9973960011
2669,5,2,12,29.014561303113936,40,3551,0,3,4.8484120033300355,White,Geometric,90,ğŸ˜€,12,13443,7,1,Black,7,296153.95793644973
966,7,1,19,26.450862373797477,28,7411,2,9,4.98290963333271,Green,Geometric,6,ğŸ€,14,31395,4,1,Black,7,73972.56575562927
1738,4,3,6,30.40384107064332,28,4657,2,8,6.843900921191935,White,Striped,70,ğŸ’§,15,20725,7,1,White,4,188291.7428580929
830,6,3,2,38.12962120252932,37,1007,2,1,9.42652559322034,White,Striped,44,ğŸŒŸ,16,43461,3,1,White,4,71028.94015553602
1982,4,3,12,36.358836792893285,41,3555,1,7,1.5760571194775883,Red,Striped,72,ğŸŒŸ,9,51115,9,0,Black,1,184495.7663241888
2635,3,1,19,29.10926967099327,20,1475,2,9,8.422689136123068,Green,Plain,24,ğŸŒŸ,8,93732,4,0,Blue,2,313932.3601783565
3944,7,1,5,30.091884744500682,41,6416,0,8,3.631447993709738,Black,Geometric,86,ğŸ€,14,89790,5,0,White,9,438478.7096363037
3671,8,1,12,6.263921924388246,12,3211,1,8,4.9952750905574,Red,Plain,19,ğŸŒŸ,9,89557,6,0,Red,8,464144.3871503208
3419,4,1,27,4.560299977460295,48,1484,0,6,1.1972199589750807,Black,Striped,18,ğŸ˜€,8,81260,6,1,Red,8,424412.5117931735
630,2,3,27,23.05072782284449,40,7710,2,4,3.7094147005088174,Blue,Geometric,95,ğŸŒŸ,12,38690,5,1,Blue,9,40559.167272347695
2185,3,3,17,1.22552165915133,16,6000,1,8,5.523681183671174,Black,Plain,30,ğŸ’§,8,11407,3,1,White,7,242873.25442410426
3880,1,2,29,19.553077071287866,8,5654,0,3,1.505584696126951,White,Plain,42,ğŸ˜€,17,83568,5,0,Red,9,442546.3718529368
1269,8,2,17,8.80880840679531,40,7063,2,9,5.419861564448486,Black,Floral,33,ğŸŒŸ,14,68560,8,1,White,2,158778.99155050237
2891,3,1,10,14.167654421971163,0,3285,0,2,9.343995659725845,Red,Plain,74,ğŸŒŸ,16,57340,9,0,White,6,357808.4432653685
2015,7,4,25,31.144287063821764,1,6223,0,2,1.948538962970247,Red,Striped,12,ğŸ”¥,17,27794,9,1,Red,3,232807.93628417017
3985,5,4,23,37.67888141717927,47,6329,0,7,7.879966552679539,Black,Plain,94,ğŸ€,18,29881,3,1,Black,6,434471.8309351789
3353,5,3,17,3.360442749780489,28,7697,2,4,4.687039480383934,Red,Geometric,27,ğŸ˜€,10,96292,4,1,Red,3,392954.31260094827
2933,7,3,15,21.60256713606958,32,7971,2,8,6.896563430719042,Red,Plain,39,ğŸ”¥,6,59703,5,1,Blue,8,340355.6431376155
1715,9,3,12,35.3600726898742,9,5563,0,9,3.342129381867064,Black,Floral,9,ğŸ’§,9,54354,3,1,Grey,4,214461.91284544178
1455,5,2,16,3.7590871103966403,49,4525,1,7,2.4354303628722245,Green,Geometric,21,ğŸ€,10,88462,9,0,Red,6,163730.6424435776
2824,1,2,24,33.06830485242494,39,4339,1,5,2.444163528441038,Green,Geometric,76,ğŸ˜€,9,24390,4,1,White,9,281926.5382596083
1684,1,3,19,14.63315336166672,20,7529,2,8,1.634427510788302,Blue,Floral,29,ğŸŒŸ,16,97475,5,0,White,2,160401.34892451973
959,2,3,8,13.222740737663745,27,3822,2,4,2.670820344111187,Red,Striped,33,ğŸ˜€,6,37307,6,0,Red,2,73469.036072471
3885,6,3,21,39.109922259434036,10,5943,2,2,6.977974464900714,Black,Geometric,62,ğŸŒŸ,18,34502,5,0,Grey,7,432837.9357110619
521,9,4,17,8.43393404956062,33,7530,2,6,8.935215506591572,Red,Striped,15,ğŸ€,11,32486,7,0,Red,2,88445.12222320584
2800,8,2,23,27.881160662495898,7,3924,2,9,8.327131170320456,White,Geometric,2,ğŸŒŸ,8,48258,5,0,Grey,2,371955.517790908
1247,5,4,5,32.946908756389725,21,1258,1,1,7.166208788870357,Red,Geometric,52,ğŸ’§,12,67716,7,0,Grey,4,109810.42918849122
3404,1,4,22,2.126748063531231,7,1282,2,7,1.9938867706999241,Red,Striped,44,ğŸŒŸ,11,91494,4,0,Blue,9,407186.4925520255
974,7,3,16,26.980225604999283,48,6745,0,9,3.6026870166635483,Green,Geometric,54,ğŸ’§,11,92768,5,0,White,8,72008.19123308257
1582,5,3,6,38.08622398703542,14,2898,0,9,3.7882618779022206,Black,Striped,18,ğŸ€,13,20748,4,1,White,2,165755.46431758517
3058,6,1,8,5.406688685758344,16,5135,1,3,3.249612517578591,Red,Floral,3,ğŸ€,5,72785,4,1,Grey,8,392011.8625584281
2547,7,1,25,35.900741456059016,22,7629,0,5,5.635050937387508,Green,Striped,7,ğŸ˜€,14,86050,9,0,White,4,309956.7813697401
3247,3,4,18,23.993677176388974,23,3976,1,8,5.819984333917053,Blue,Floral,43,ğŸ’§,10,32738,3,0,Black,2,383981.9272655907
1475,3,2,25,24.855880983567722,44,3267,1,8,4.211973776539992,Green,Geometric,82,ğŸ’§,10,84231,4,0,Grey,7,148544.31190149407
2306,5,3,12,24.711294907191434,18,4200,0,4,4.184102428627924,Green,Striped,38,ğŸ”¥,10,83606,4,1,White,6,249851.62764743887
689,6,3,15,12.304017510323897,4,6110,2,1,8.457000381154732,Green,Geometric,37,ğŸ”¥,17,51662,9,1,Black,5,97117.34249231535
3505,9,4,27,37.44047170432866,31,1612,0,1,8.10363563487717,Red,Striped,58,ğŸ”¥,16,92234,9,0,Blue,1,397919.0232008718
3234,5,1,26,37.92034327392603,43,7011,0,4,3.770162485126711,Red,Floral,33,ğŸŒŸ,10,25123,5,0,White,2,362367.4357538706
3505,1,2,9,25.199534078450938,0,1687,1,6,9.224095994859333,Blue,Floral,59,ğŸ”¥,16,35616,9,1,Black,8,404325.3286815729
1062,4,1,13,31.44519767469378,22,4690,0,8,9.575335153022554,White,Striped,95,ğŸ’§,14,21182,5,1,Red,1,87743.89461486423
2399,5,1,26,24.68419044230574,36,1612,1,6,3.9406828782703673,White,Floral,11,ğŸŒŸ,11,72013,6,0,Red,3,235813.83874000382
1767,5,1,15,19.633738679174606,7,3307,2,9,4.1898245391374935,White,Geometric,68,ğŸ€,18,41331,9,0,Black,2,232157.13798564658
3379,7,1,10,26.602394672820402,12,4013,2,9,5.550707380797629,Blue,Geometric,82,ğŸ˜€,14,56098,3,0,Grey,5,408613.88712723344
2028,4,3,16,22.343557377382357,7,7509,2,2,9.470087312803061,White,Plain,68,ğŸ”¥,10,36128,4,0,Grey,4,221354.8625224731
3702,1,3,7,24.100296573961238,22,2781,0,1,8.886874898280805,White,Floral,98,ğŸ€,5,41556,3,1,White,7,417347.02210113156
1146,5,1,17,31.461385860045045,42,6906,1,2,1.9231116632523082,Green,Geometric,93,ğŸ’§,7,97505,7,1,Red,5,104225.14733493302
2568,7,2,23,19.495701342234902,0,3591,2,5,4.534576689442746,Red,Striped,88,ğŸ˜€,6,31876,9,0,Grey,8,340288.8065110371
3388,6,4,26,2.109787190652674,44,3696,1,4,5.9803407077479465,Red,Floral,22,ğŸ€,10,18949,4,0,Grey,4,381599.71457792044
2714,5,2,21,6.977979499085141,23,6643,1,4,5.52819225296386,Green,Geometric,66,ğŸ˜€,12,61962,3,0,Red,6,325369.2114211036
1797,4,2,22,17.824985051336768,34,7026,2,9,2.7447676114320343,Green,Floral,44,ğŸ”¥,7,81206,9,1,Blue,4,230683.6127325686
2935,2,2,26,29.130649115025303,23,7957,2,8,8.729350940513392,Green,Striped,6,ğŸ’§,14,34099,9,0,Grey,2,322867.9943968083
1100,4,1,7,23.93450660825206,16,4958,1,6,7.092467046971536,Red,Geometric,42,ğŸ˜€,12,22716,6,0,Black,1,146750.37345390607
2863,3,3,14,26.18662034200143,4,6248,2,1,8.541175373666231,White,Plain,25,ğŸ€,12,62611,6,0,White,1,293643.9276237286
2561,1,2,15,19.43151767876335,19,1574,1,2,8.72887851414525,Green,Plain,57,ğŸ”¥,9,48885,4,1,Grey,8,298916.65780062473
741,8,1,21,24.821809866718592,20,2910,1,6,7.735202682991658,Blue,Floral,85,ğŸ”¥,12,63144,7,0,Grey,4,105931.77366899877
2541,5,2,7,13.496188793679156,39,6108,2,2,4.9528954112474555,Green,Striped,55,ğŸ€,10,75220,6,1,Blue,5,264341.1461029046
3324,4,2,9,19.07221241151827,30,4604,0,5,6.494920795138821,Black,Geometric,16,ğŸ€,9,17837,6,0,Black,8,375361.6355920609
3917,8,1,19,29.899023091000746,45,1669,2,5,2.4432886550776884,Green,Striped,95,ğŸ˜€,13,59355,7,0,White,7,449560.88325961726
3112,7,3,16,34.937394769438285,35,5364,0,6,7.062808757274169,Red,Geometric,14,ğŸŒŸ,18,57299,3,0,Grey,8,313142.7872704945
3445,2,3,8,17.62938569127736,10,2283,1,6,2.6132793016535265,Green,Floral,39,ğŸ”¥,11,29159,6,1,White,8,388463.87493267516
1863,1,4,18,2.2246354794407672,14,1923,1,6,7.245546314591412,Black,Geometric,28,ğŸ˜€,12,61012,5,0,Red,6,238486.70959641098
2639,4,1,27,6.8860654937987045,18,2125,0,2,3.066383446785718,Blue,Striped,96,ğŸ€,5,69305,8,0,Grey,2,313132.4405688071
1890,8,4,23,1.3240150020157548,6,2529,1,3,2.0579617013519798,White,Striped,92,ğŸ˜€,15,97096,8,1,Grey,6,267856.64061045693
3503,2,4,29,26.303889259874538,27,6854,0,6,2.487560411286617,Green,Floral,51,ğŸ€,6,27106,6,1,Red,1,387791.5717647412
1978,3,4,18,13.626427701526802,42,2594,0,8,1.0179292169716323,Black,Striped,49,ğŸ’§,12,68123,3,1,Blue,1,219077.49022493447
3999,1,3,20,21.927906110915018,4,1246,1,1,7.468656560681772,Black,Geometric,9,ğŸ€,16,18720,9,0,Grey,3,436684.5003531189
3056,1,1,7,19.984435447960085,4,4711,0,1,7.591609441525412,Blue,Floral,58,ğŸ€,13,47661,3,1,White,3,353719.62632573786
1275,3,4,3,3.7202963373208546,29,2560,2,2,5.634400149219335,Red,Geometric,45,ğŸ€,8,97318,4,0,Black,5,121978.88026349888
534,5,1,18,16.428823764391357,31,7274,2,6,2.4522652094984534,Green,Striped,22,ğŸŒŸ,16,31120,5,1,White,1,55308.52712357661
2753,3,1,27,9.212164434431768,7,3400,1,9,1.7519890375962077,Black,Floral,32,ğŸ€,14,29790,3,1,Blue,6,357151.4801587141
3652,1,3,10,17.02679165237228,9,3243,1,4,1.172160697935583,Blue,Geometric,69,ğŸ”¥,15,68655,7,1,Black,7,406052.3475246173
2455,1,4,7,8.541342073518585,37,4864,0,3,2.4917335926869866,White,Striped,87,ğŸ”¥,14,69643,5,0,White,3,261141.56245967658
2085,8,4,17,33.69787004793887,46,2939,0,8,9.01769981484832,Black,Striped,69,ğŸ˜€,18,57374,8,0,White,4,240363.51770359924
3959,2,1,14,7.380636794841019,31,6025,0,9,3.173831575315136,Blue,Plain,42,ğŸŒŸ,13,52907,5,0,Red,3,467977.6800194811
3573,3,2,24,38.45083178373559,47,4069,0,5,4.188441944954941,Red,Striped,53,ğŸ˜€,8,60071,7,0,Blue,1,386892.6979655353
1521,2,3,3,16.92834096280416,27,7788,2,9,1.9481093603319986,Red,Geometric,96,ğŸ”¥,14,44812,6,0,Red,8,159797.45826969921
3961,3,3,12,33.92668903475245,16,1226,2,2,3.0012517427335323,Black,Floral,59,ğŸ”¥,14,59570,7,0,Black,2,386864.11743284774
3113,7,3,28,25.336210319134832,30,7844,1,3,5.673021137021846,Black,Plain,74,ğŸ’§,14,60901,7,0,Red,1,385153.9527298117
1629,1,3,13,29.54633679729723,7,4547,0,7,6.469774147860873,Green,Striped,39,ğŸ€,13,70186,6,0,Blue,8,195461.02245361966
2000,8,4,2,30.82509357863782,39,1264,0,7,3.2081708274958993,Blue,Striped,15,ğŸ”¥,15,60251,6,0,Grey,7,247743.179768769
1202,2,4,3,20.441372834774203,24,2395,1,6,1.5195894330260549,Black,Striped,71,ğŸ˜€,11,75171,6,1,Grey,7,45600.78624644352
2949,3,2,5,21.96037067284989,8,4557,0,6,4.519295822146588,Green,Geometric,29,ğŸ˜€,6,46160,6,1,Black,4,342561.20824083645
3277,9,3,11,20.802836778444636,1,6553,0,2,3.107830338337007,Green,Plain,3,ğŸ€,13,29156,6,0,Grey,9,397400.8286208321
2079,7,3,8,23.72830593455813,14,1645,0,6,2.9759853090682173,Black,Geometric,83,ğŸ€,8,86208,7,0,Red,6,223002.66602592863
661,4,1,26,1.661080607382038,49,7354,0,4,9.638765224421098,Red,Plain,10,ğŸ’§,12,89980,4,0,Black,2,84583.0223216924
701,5,4,23,16.122849209036104,2,6514,0,3,6.546704373331517,Blue,Floral,92,ğŸŒŸ,18,82320,4,0,Blue,1,81356.78028845142
2481,2,3,23,24.444454185666277,48,6569,1,2,6.011905988548863,Blue,Geometric,29,ğŸ˜€,11,27929,3,1,Black,1,266826.4748070974
1495,8,2,12,24.11008082760664,35,3990,0,1,4.741975931709897,Red,Geometric,79,ğŸ€,17,76606,4,1,Black,9,173866.4825446991
2817,4,2,7,31.821765736922448,3,6483,1,5,4.8604990008712985,Black,Floral,35,ğŸ˜€,19,98442,8,0,White,4,286991.10925683676
1315,9,4,15,26.37286888386829,13,2899,0,2,5.868145034542727,Blue,Plain,6,ğŸ€,11,72559,4,1,White,5,147808.66113933813
3842,5,2,24,39.68926599545656,40,3504,2,2,7.267868263324965,Black,Striped,12,ğŸ”¥,12,64205,7,1,Black,3,399746.92988031486
955,9,2,17,11.712253880041478,40,3772,2,7,7.319314865636465,Black,Floral,38,ğŸ˜€,5,78475,6,0,Grey,4,95701.95564504886
1775,4,4,4,14.686465671816142,24,6345,2,8,2.5452451693490463,Green,Striped,77,ğŸ”¥,9,74341,6,0,White,8,176337.40861319812
1516,5,3,29,15.661962498777953,49,6077,2,8,5.501014768689643,Red,Striped,93,ğŸ˜€,6,52863,9,0,Blue,4,164505.68285412918
2843,9,3,22,18.899605877299816,9,2154,1,4,4.7076228553069175,Black,Floral,19,ğŸŒŸ,6,91837,9,0,Red,9,383585.67269019585
3267,8,2,25,33.52192351935777,20,1587,1,1,8.834742696424458,White,Plain,67,ğŸ’§,19,75439,9,1,White,9,365045.97312698746
837,3,2,13,9.81378771138879,35,5571,0,7,6.682770290965387,Red,Striped,8,ğŸ”¥,5,17194,7,0,Black,6,75070.70293786102
1378,1,3,18,31.152008177899464,11,2821,2,1,5.792536597743836,Blue,Floral,8,ğŸ€,9,81387,8,1,Grey,2,96706.25159969428
1576,3,4,1,16.509752231886864,26,1985,1,4,2.0385517796102564,Green,Geometric,84,ğŸŒŸ,6,91914,4,0,Red,7,172166.10155207673
1291,4,2,16,24.273287654649337,39,5079,0,8,6.450741003910703,Blue,Geometric,47,ğŸ˜€,8,76214,7,1,White,9,150395.25521022853
2764,2,1,13,25.48535106243909,1,4348,0,2,2.054835151122101,Blue,Geometric,4,ğŸ”¥,7,39777,3,0,Grey,6,343205.62873451324
1263,1,4,10,15.22752116896291,12,7299,1,6,4.034859180091768,Red,Floral,51,ğŸ˜€,7,36183,6,0,Grey,3,135826.70578098937
2735,7,2,12,20.748300605629304,31,4831,2,6,2.2855776833289867,Blue,Geometric,85,ğŸ˜€,6,37445,9,1,Grey,7,325577.42394428473
879,8,2,2,16.814731398584033,30,2241,0,9,7.22866282321932,Black,Striped,67,ğŸ˜€,17,77038,5,1,Black,5,100388.44075705309
992,7,1,23,3.230745054371468,15,1189,2,5,2.8562690245253735,Blue,Geometric,45,ğŸ’§,10,97201,3,1,Blue,1,137162.54998862257
3612,5,1,3,17.768032858264647,31,6536,2,4,4.526734358692234,Green,Geometric,8,ğŸ’§,6,26198,9,0,Grey,3,435071.4525336171
1680,1,3,10,4.347039005865311,31,1980,2,5,9.061072998569008,Green,Striped,87,ğŸ€,18,31411,8,1,Red,5,184481.93484994044
2562,7,4,2,16.4983215636727,33,2698,0,5,2.8388474505907326,White,Geometric,16,ğŸ”¥,18,60577,3,1,White,7,304546.8687111427
564,7,4,27,23.920276793355384,10,2715,2,8,5.570245575629012,Green,Striped,77,ğŸŒŸ,12,25867,7,1,Red,3,63292.63931495843
3068,9,3,23,23.38688852406828,9,3593,0,8,4.7734449504941985,Blue,Geometric,67,ğŸŒŸ,12,72501,4,1,Black,6,363563.104995748
1867,3,4,13,26.673540520828652,14,5136,2,2,1.1631163694115676,Green,Striped,9,ğŸŒŸ,17,24266,6,1,Black,5,193330.104037206
1652,9,4,13,4.262829564207738,16,7450,0,7,8.134823022155315,Red,Geometric,60,ğŸ˜€,18,49422,8,1,Red,1,191657.63307787236
2527,1,4,18,26.258868198452298,39,6038,2,8,1.6214131568313976,Green,Striped,78,ğŸ’§,16,45208,8,1,Blue,6,268128.4153626908
3195,1,4,3,12.82984823950966,17,5433,1,6,5.268295188792583,Black,Floral,77,ğŸ”¥,9,41213,5,1,Black,8,411090.6644201766
1995,4,4,27,16.262314872415885,8,6433,2,5,6.0461046544505495,Red,Striped,71,ğŸ˜€,14,17367,3,1,Black,1,221565.65538811483
3634,9,1,7,34.39045702994688,24,2098,2,9,6.655838109531284,White,Geometric,15,ğŸ’§,11,89026,5,0,Red,2,429771.0573551131
1662,6,4,14,0.8567009631172349,39,3326,0,3,7.197684663770881,Black,Geometric,71,ğŸ’§,8,45362,4,0,Black,4,233486.47496024784
2022,3,1,20,23.742299016953915,13,4247,0,4,3.2794514517044355,Blue,Plain,98,ğŸ”¥,5,61588,9,1,Blue,2,243730.85692891837
3140,1,4,29,24.14920221395425,24,1895,2,9,1.0898089899260444,Blue,Striped,41,ğŸ”¥,15,48285,4,0,Blue,9,333089.76690426504
891,4,3,17,16.1680611655707,49,7416,1,6,7.510992961194208,Blue,Floral,22,ğŸ”¥,6,84755,9,0,Blue,8,51901.56317786957
2198,9,2,29,9.862600355779279,21,7980,1,8,5.820909394128208,Black,Striped,24,ğŸ˜€,14,81846,5,1,White,8,293010.7384833063
918,3,1,21,9.769624511331267,29,7763,0,7,8.52505932886524,Black,Striped,44,ğŸ€,14,46307,6,1,Blue,4,104378.13704609164
2836,9,4,12,35.406531951599725,19,2674,1,2,8.392495266106248,Black,Floral,1,ğŸ”¥,8,90280,4,1,Blue,5,319596.8745790804
878,7,3,25,17.959962764422873,20,3909,2,3,8.58993551009095,Red,Striped,10,ğŸ€,5,29867,5,1,White,4,104749.81339567888
2296,4,2,16,13.570129838072292,43,1930,0,1,5.365851939815862,Red,Floral,80,ğŸ˜€,19,66523,3,1,Grey,9,265138.4141432462
2778,3,1,24,18.22671416634042,31,5384,2,9,4.002655562531791,Blue,Floral,72,ğŸ€,17,94161,5,1,Black,2,318955.1685925664
3565,5,2,12,26.940920857644773,45,1723,0,7,8.124023823322329,Green,Striped,56,ğŸŒŸ,12,16378,5,0,Blue,8,405284.81291833124
2588,5,3,15,6.257384445667692,48,3940,0,1,5.061647017263295,Blue,Striped,89,ğŸ€,13,94685,7,1,Black,2,307420.2101414759
3599,3,1,25,18.25263649094264,20,7415,0,3,2.6509797676309104,White,Geometric,50,ğŸ”¥,8,86958,4,0,Red,1,421186.62196330505
2682,9,2,10,23.721432658860284,34,7049,0,4,8.69476617605327,Red,Geometric,12,ğŸ˜€,14,37926,6,1,Black,3,315357.2340462123
700,4,4,25,37.96904251663163,31,2089,1,4,8.943038890951126,Black,Plain,89,ğŸ”¥,7,23180,6,1,White,9,50586.94625575894
2363,5,1,7,10.474847391979061,29,5578,2,5,5.196787805261531,Red,Plain,81,ğŸŒŸ,6,46931,7,0,Black,3,271598.8722025014
1279,4,2,20,14.6904045426917,38,1935,2,3,1.6812975457880872,Black,Striped,60,ğŸ”¥,9,34014,9,1,Black,9,141505.5570289537
3477,5,3,5,15.484664301935739,48,3295,2,3,4.490434809252381,White,Floral,26,ğŸ”¥,18,89872,8,1,Black,7,372138.2319047518
3604,7,3,1,24.418757226972872,11,1155,0,1,8.231838935163431,White,Plain,78,ğŸ”¥,7,68502,9,0,Grey,1,420153.65477039776
3619,9,1,17,14.590916095080066,40,2070,1,7,9.115966256916058,Red,Striped,41,ğŸ’§,14,97736,6,1,Grey,5,456743.40027997945
1002,7,2,3,21.573721049337976,46,2958,2,1,2.8312546824783626,Black,Plain,36,ğŸŒŸ,11,15470,5,0,Red,9,88404.72109183166
2954,5,1,13,31.38071802887866,17,3501,1,2,1.6027625082274437,White,Floral,23,ğŸ”¥,15,24953,7,1,White,3,320906.91342968034
2251,7,1,14,28.362730967432043,20,7344,0,4,8.896154078195547,Blue,Striped,43,ğŸ”¥,10,48507,3,1,Black,9,208474.51255064778
1304,5,2,24,18.13156153724713,12,6779,2,4,4.504644450809877,Blue,Floral,6,ğŸ”¥,5,16523,4,0,Black,5,123321.17552348951
2646,3,2,18,34.636539018129675,20,5219,1,5,5.87584867840807,Black,Striped,69,ğŸ˜€,16,96923,4,1,Black,9,252435.70035052748
3231,7,4,4,22.546539858957583,7,7144,0,2,9.71259230845683,Red,Plain,43,ğŸ’§,12,67190,4,0,Black,6,388835.2112269964
2395,2,2,18,21.826280660337392,45,6063,1,4,1.5990825512280056,White,Geometric,25,ğŸ˜€,6,57761,5,0,Grey,9,257828.75925734817
3273,9,3,5,1.850416754596748,39,4830,2,1,6.83486206706886,Red,Plain,18,ğŸ’§,9,41169,3,0,Red,7,422163.26354930096
2070,1,1,25,39.47437272410788,45,1854,2,2,1.6669488031738036,Blue,Plain,62,ğŸ”¥,13,55641,7,1,Blue,7,173036.57325609063
1460,6,1,16,5.357346936920256,6,1639,0,1,4.379220356198504,White,Geometric,13,ğŸŒŸ,12,32990,7,1,White,8,187781.94462764467
3160,7,3,1,9.629671040892042,22,3238,0,4,8.234330906741022,Red,Geometric,43,ğŸ€,6,39661,4,0,Black,7,407476.4084194718
1985,8,2,21,2.5420250710403147,43,2602,0,4,4.90125009480071,Green,Striped,78,ğŸ€,13,23419,3,1,Red,9,265743.3593311006
3190,9,3,14,25.780117190058093,31,7659,1,7,9.974641185126554,Black,Striped,28,ğŸ”¥,9,24457,3,1,Blue,9,373150.9122888056
1528,2,3,15,9.375696490420859,10,1441,1,9,6.031533564519419,Black,Floral,18,ğŸ˜€,14,77600,3,1,Red,6,202162.44516919387
3789,2,4,9,7.610412280172578,21,7040,1,9,3.8904593737235813,Green,Floral,59,ğŸŒŸ,18,86102,6,0,Grey,7,485963.88239966315
1002,5,3,15,3.9979455768180348,21,6934,0,5,2.981001933142778,Blue,Plain,60,ğŸ’§,10,43085,6,1,Blue,2,108028.23263009953
3314,5,1,17,4.580703806398619,42,6925,2,1,4.154684808575457,White,Geometric,63,ğŸ”¥,17,60654,4,0,Red,9,413659.1456946123
897,6,3,25,23.594492667482253,24,7286,2,1,4.352799463835957,Black,Floral,57,ğŸŒŸ,7,16130,3,1,Grey,1,156846.05315250432
1370,3,1,24,27.68421070173052,21,5628,1,6,1.6184230995156488,Green,Plain,92,ğŸŒŸ,17,12042,8,1,Red,1,137177.7947684081
3342,8,1,4,16.19647004434384,27,7370,1,2,4.326167794840958,Green,Geometric,51,ğŸ’§,7,80134,3,0,Red,3,410954.1476567698
892,1,1,12,19.45593472288689,28,2336,2,8,5.178146677653024,Blue,Striped,56,ğŸŒŸ,14,52982,7,1,Blue,6,73341.4191177974
706,6,2,27,27.595725571327872,12,4700,2,9,7.504639770149242,Blue,Plain,27,ğŸ˜€,12,75185,7,0,Grey,5,79530.04199282303
1538,4,4,26,1.1865017123264456,17,1948,1,4,6.910565362494472,Red,Striped,32,ğŸ˜€,15,43477,4,1,Black,2,212778.230762508
2381,1,1,5,13.263660954276002,1,4373,1,5,7.378890897062388,Black,Floral,9,ğŸ˜€,14,62709,8,0,White,9,245629.1710852023
3439,7,1,29,38.93736104877868,28,7115,2,8,1.0752731368917139,Red,Floral,96,ğŸŒŸ,14,38716,3,1,Blue,4,380344.2858610554
1984,9,2,5,23.414433072970986,20,1459,0,3,2.9590065962248246,Green,Geometric,84,ğŸ˜€,19,88137,9,1,Grey,4,196568.39310059533
1363,4,1,11,10.541870905950983,14,5646,1,5,6.955158595598708,White,Plain,92,ğŸ’§,16,46018,8,1,Red,5,159360.86130864354
3290,4,3,28,21.10833684213042,26,1392,2,3,5.3559043136177245,White,Striped,97,ğŸŒŸ,6,18061,4,0,Grey,8,357283.72286036296
3812,6,3,6,14.034812780776155,49,4938,2,3,1.0478212810151135,Blue,Geometric,68,ğŸ€,15,18609,7,0,White,4,458471.3324115455
1063,3,4,7,21.523677058638814,30,2787,2,3,8.240451781886401,White,Floral,46,ğŸŒŸ,16,45371,9,0,White,5,68146.87386922128
1520,6,1,24,5.466789716362629,14,5940,2,7,7.955286159613037,White,Floral,98,ğŸ’§,16,93021,7,1,Black,4,189753.46921627416
595,7,2,14,5.742228825861456,22,3257,0,7,5.935772466942064,White,Plain,67,ğŸ€,6,30805,6,0,Black,6,110517.54177162006
2423,3,3,24,6.169923300556018,23,2138,2,7,1.598169931986449,Green,Striped,26,ğŸŒŸ,17,17857,4,0,White,3,276078.45202028094
2257,7,2,11,37.62288178111025,43,4808,1,8,7.8986354457932615,White,Plain,8,ğŸ˜€,9,21620,4,0,Blue,8,198406.9617799769
3032,3,2,13,29.449507274483,12,5741,0,5,6.253422289582275,White,Striped,6,ğŸ”¥,10,18177,3,0,Blue,6,336216.40215085517
3978,2,3,2,6.914084839161675,21,7362,2,5,8.037639794421633,White,Striped,80,ğŸ”¥,16,40111,3,0,Red,5,458958.29287940473
2778,4,2,25,7.939788808741257,42,3454,0,4,7.765722931562564,Red,Plain,24,ğŸ˜€,6,98578,6,0,Black,2,325132.6080654302
3296,8,3,7,29.367764257399617,36,2466,1,7,8.227018647620534,Green,Geometric,48,ğŸ”¥,19,94181,9,0,Red,7,366070.9618846488
2178,9,2,20,6.668471869290871,32,4674,2,4,5.6620725976416235,Blue,Plain,94,ğŸ”¥,9,99941,5,0,Black,2,326245.2270856643
3742,7,3,4,9.765171086725733,2,2377,1,2,2.262920663741635,Red,Plain,45,ğŸ˜€,11,21826,8,0,White,1,437630.7886528411
1040,1,1,27,38.55219989640576,18,7701,2,4,7.040417260417198,Black,Floral,13,ğŸ˜€,14,23890,5,0,Blue,7,123241.61239327681
1559,3,4,8,10.584607726773058,22,3597,2,8,6.584264065467735,Green,Floral,69,ğŸŒŸ,14,92428,5,1,Blue,5,171790.35779481338
3072,9,3,20,26.634477839660295,28,1141,2,9,7.6802786847917845,Green,Plain,25,ğŸŒŸ,12,68031,4,1,White,1,368957.2147648723
1683,1,3,29,39.15593585232095,29,3659,2,3,2.5289290544566176,Black,Plain,20,ğŸ˜€,16,85020,8,0,Red,4,128030.16786942891
2222,9,4,22,15.28472230202181,38,5596,2,7,2.754776799102603,Black,Floral,82,ğŸ’§,11,15495,4,1,Red,4,264980.2453498582
3814,8,3,21,1.1918816390514584,43,1839,0,9,9.013685654973957,Black,Striped,82,ğŸ”¥,12,38481,8,1,Grey,7,467295.57947277016
3657,1,3,19,10.143817971683783,46,7845,2,4,7.749800186068637,Blue,Plain,66,ğŸŒŸ,18,21267,7,0,Black,9,426849.43228334707
2319,6,2,13,33.31964905799737,24,4618,2,3,9.174056398302906,White,Geometric,74,ğŸ”¥,16,16743,4,0,Red,2,222884.53254046282
3125,5,4,14,34.65204902022395,36,6778,0,5,7.8284378904752865,Green,Geometric,45,ğŸ€,13,64800,4,0,White,1,344504.0973545175
3229,6,1,10,30.856514898689753,46,6661,0,1,6.374397753912717,White,Geometric,47,ğŸ˜€,19,58773,4,1,Red,2,313705.37295092916
3104,5,3,11,4.967837853524634,7,7142,0,3,6.887194633250863,White,Plain,63,ğŸ’§,9,67042,9,0,Blue,7,393398.8186425483
2097,6,4,2,31.922659682007925,41,4917,0,8,9.00215131546009,Black,Striped,76,ğŸ€,17,59476,6,1,Black,6,238438.86259563192
3560,5,2,25,36.78777298124342,15,6626,0,8,6.209260790607464,Blue,Striped,77,ğŸ€,9,38552,4,0,Grey,4,367027.95838198747
3193,5,1,26,24.224076930576327,7,1595,0,4,6.691521918955487,Red,Floral,55,ğŸ€,15,75242,3,1,Black,1,383298.7366385104
1295,4,4,9,37.664576575353564,0,2904,2,2,2.408290444032405,Blue,Plain,75,ğŸ˜€,14,55772,3,1,Blue,1,119930.84334945607
1551,3,1,17,33.16013590661916,43,1280,2,8,5.265290981044925,White,Striped,19,ğŸŒŸ,8,53730,8,0,Blue,5,170448.32524722806
2143,3,1,26,26.845374921140838,4,1423,1,8,7.44757400762289,Blue,Plain,35,ğŸ˜€,17,38948,7,0,Blue,1,213587.80997206693
1863,4,1,3,23.29881685011405,2,7999,2,4,3.4384842848472887,Black,Floral,53,ğŸŒŸ,13,86311,6,1,Blue,7,264331.49279928353
2481,9,3,24,14.268659856057834,0,5365,2,3,2.820287624720814,Red,Floral,26,ğŸ€,9,79093,9,1,White,1,273501.36712940846
1854,2,3,6,6.791854087090803,3,5249,0,2,3.82444127401974,Black,Floral,14,ğŸ€,18,79123,8,0,Grey,1,214802.1428566413
2163,9,2,5,24.395679946276363,39,7757,0,9,3.173505651935501,Red,Geometric,45,ğŸ’§,6,26535,3,0,Blue,2,222295.0858681268
2029,1,2,5,13.06540636791572,34,2750,2,1,2.934213733327563,White,Plain,44,ğŸŒŸ,19,76490,6,1,Blue,3,255702.97398512173
2538,1,4,22,34.72432736734199,31,5757,1,7,4.823657585812782,Red,Floral,88,ğŸ€,14,56562,6,0,Red,1,242939.48907267026
3919,5,2,15,39.73680902566583,41,2967,0,5,9.170546624951808,Red,Plain,65,ğŸ”¥,12,99080,7,1,Grey,9,419941.0849141156
1996,6,1,23,30.220896623315117,33,5088,2,8,5.563536820648465,Red,Geometric,51,ğŸ’§,19,68535,6,0,Black,8,223153.4170267316
3802,6,1,17,4.074026963838504,42,5178,2,4,2.691283427337907,Blue,Geometric,43,ğŸ˜€,11,51269,4,0,Grey,5,467432.8558276965
2737,3,3,9,11.903081023460205,24,3946,1,7,1.6927450244278668,Blue,Floral,86,ğŸ’§,12,90674,6,0,Grey,2,306510.147336783
3796,7,1,3,4.8098304547471145,9,2449,1,5,7.265405306241327,White,Floral,23,ğŸ”¥,16,52462,7,1,Grey,5,455472.3093052984
1908,9,4,20,26.19521008777277,20,6394,0,5,4.445188879927491,Red,Striped,56,ğŸŒŸ,7,13127,8,0,Blue,6,232037.45291500943
1900,8,1,26,30.725039149953496,45,3331,1,9,8.396478519268234,Green,Plain,19,ğŸ˜€,19,33147,7,1,Blue,1,215989.11392885933
1806,6,1,17,37.06415581978811,38,6075,2,9,6.935596917766931,White,Floral,82,ğŸ˜€,19,55528,9,0,White,4,193631.31099835242
3180,8,4,29,17.807807683273513,26,3220,2,9,8.166173054872317,Red,Striped,76,ğŸŒŸ,8,87095,7,1,Black,9,425342.82548122015
3175,5,2,27,36.10433815874355,26,4789,1,6,3.4475143547660387,Red,Plain,55,ğŸ’§,9,78931,3,1,Red,2,300568.11467360484
1472,8,2,10,35.176700782132436,1,3810,1,6,7.231230302149523,Blue,Floral,92,ğŸ€,10,76381,4,0,Grey,5,162220.60487974726
2268,4,4,3,13.029230812233244,40,6755,1,5,3.376557862243469,White,Striped,92,ğŸ’§,5,73749,3,1,Black,1,284450.9104980787
1782,8,3,18,34.82157470885255,47,6494,1,9,9.451616315052624,Red,Striped,60,ğŸ”¥,8,48672,8,1,Black,4,185017.18944794388
3930,2,1,18,15.339053949328196,12,5728,0,8,6.7273685338003695,Red,Plain,59,ğŸ€,15,23731,5,1,White,4,408227.9700021423
1209,5,4,17,12.226336345131092,8,2531,1,7,3.920606201578079,White,Striped,33,ğŸ’§,16,64512,8,1,Red,6,123519.70398530496
1979,9,1,24,26.138449022378527,35,5882,0,7,3.425606760630454,Green,Plain,19,ğŸŒŸ,14,61024,4,0,Grey,9,239343.72345997862
1934,4,3,3,13.471058501460702,21,3990,2,6,2.718339265644792,White,Plain,28,ğŸ”¥,17,13832,6,0,Red,3,231417.35814547577
1148,6,1,3,25.393245559001194,41,5493,1,5,7.25176863004355,White,Plain,52,ğŸ”¥,9,42332,7,0,White,9,130820.52562831862
817,1,4,6,24.588356317198436,25,2143,0,4,2.968440516981346,Green,Geometric,49,ğŸ”¥,11,22467,5,1,Blue,6,43037.28665323866
3796,9,1,13,22.75583763026412,11,1933,1,3,6.357729393347402,White,Striped,37,ğŸ€,17,51025,4,1,Black,7,468283.9082529898
1757,1,2,24,15.52657831719551,16,2460,2,3,3.381715242328216,Red,Plain,26,ğŸ˜€,9,23107,3,0,Grey,2,168832.86636628024
1183,5,3,29,22.16573900523333,13,6948,2,6,6.9577205031448175,White,Floral,99,ğŸ€,17,87994,7,0,Blue,6,135010.55136502383
1163,4,3,15,24.061176261924153,13,3723,2,4,8.334457556864852,Green,Geometric,98,ğŸ’§,17,53481,8,1,White,6,120632.47954918457
2498,3,3,25,22.0546320955712,33,3512,1,6,8.002227188301879,Black,Geometric,99,ğŸ˜€,5,12581,3,0,Red,2,255360.85145338508
3945,6,4,9,18.05456838367246,19,1285,1,3,7.847661978377036,White,Striped,40,ğŸ’§,15,85118,4,0,Black,2,501781.820039745
2131,2,3,4,1.0793487533274204,10,1264,0,4,2.6895016512302687,Blue,Plain,80,ğŸ˜€,11,61638,4,1,Grey,2,226988.25786676112
1995,3,2,14,23.688937454195464,15,3367,2,9,1.7954645228606685,Red,Striped,38,ğŸ€,12,18418,8,0,Blue,1,211534.17415849626
3804,5,4,5,7.1535532131374255,30,7816,1,5,7.290539456386471,Red,Geometric,77,ğŸ”¥,17,39113,5,1,Blue,5,444891.55889380764
1636,9,2,2,25.88175077341399,5,4447,2,7,4.315124924149162,Blue,Plain,87,ğŸŒŸ,11,94363,8,0,Black,8,237681.4145570045
2353,2,1,11,30.494100952953207,18,7963,2,2,4.891116037630126,Blue,Floral,54,ğŸ”¥,15,73044,6,1,Red,2,253186.80872297855
2020,8,1,9,20.26758971066429,36,7232,0,5,1.2803418351405196,White,Plain,22,ğŸ€,18,89955,3,1,White,5,228212.40792659577
2989,2,1,24,21.923364766699663,3,6773,0,9,3.3361880434754427,Blue,Geometric,16,ğŸ˜€,17,71030,5,1,Red,8,329300.6470635431
1063,5,1,3,38.08340310680665,46,6322,0,3,1.303087634870176,Black,Floral,28,ğŸ”¥,19,21814,7,1,Red,5,118860.04281940061
1791,7,2,27,33.96311077421668,3,5916,0,9,8.912671953411229,Green,Plain,35,ğŸ€,8,20024,9,1,Red,2,179149.8212040744
3957,8,4,28,36.612342380083064,19,2762,2,6,3.190570148966774,Blue,Floral,60,ğŸ’§,12,73288,6,0,Black,3,418932.52298526425
3958,1,4,29,32.64376838862366,9,4048,0,4,6.016034526157073,Blue,Floral,45,ğŸŒŸ,19,67836,5,0,Black,6,434114.48466634075
3684,6,3,9,4.802274502945892,23,3381,0,7,1.3508138859501737,Black,Geometric,46,ğŸ”¥,9,17435,9,0,White,5,464249.39559373754
2136,1,2,3,6.385178310822691,34,3269,0,8,7.001626521750922,Red,Floral,72,ğŸ˜€,14,77084,9,1,Red,4,254862.92400156317
3499,2,1,25,21.301639992123903,25,1040,0,6,3.907246111786845,Red,Striped,55,ğŸ’§,13,80601,3,0,Black,4,403880.0552292532
3652,1,2,2,10.21975152252093,36,6827,2,5,9.081272682618993,White,Geometric,86,ğŸ€,16,98416,4,1,White,5,452524.48573089455
1198,5,3,12,19.329471264125786,37,1067,0,6,8.993063700406323,Black,Striped,85,ğŸŒŸ,16,13407,7,1,White,2,94303.04329629062
2660,9,3,10,16.077430290824836,20,1987,2,5,3.92761556525573,Green,Floral,26,ğŸ˜€,14,42940,8,0,Red,9,310027.7906708561
501,6,2,9,22.201862418002907,39,6895,1,8,9.108648061214211,Green,Striped,85,ğŸ€,9,15666,3,1,Grey,2,58361.27305191939
1141,1,2,15,30.001590787364997,38,7657,2,1,9.96541906148901,Black,Plain,25,ğŸ€,5,47122,6,0,Red,2,63405.103784663705
2767,1,2,8,28.76189083042134,20,6717,2,7,8.428740977115533,Green,Floral,65,ğŸ”¥,16,35092,9,1,Grey,9,258765.4042891807
2089,2,4,25,21.08874823317071,9,5008,0,2,8.60384212979706,Red,Plain,6,ğŸ”¥,13,85645,6,1,White,3,263663.76869594934
1354,9,1,5,32.984540043273796,37,6751,1,9,3.2410786249818093,Green,Striped,23,ğŸ˜€,16,36505,9,0,Black,7,114504.34730180357
2259,3,2,11,17.51905261575232,45,4198,1,1,6.190321589719807,Green,Plain,64,ğŸ€,9,46713,4,1,Blue,4,239275.9803341586
3796,1,2,27,35.92021444868483,3,6374,1,6,1.6053032257063107,Black,Floral,87,ğŸ”¥,10,64387,4,0,White,6,404552.32930234465
2932,5,2,2,3.3155706671789744,44,5790,1,9,1.8542614313950274,Black,Plain,43,ğŸŒŸ,8,53169,7,1,Black,4,384849.37683849706
3974,7,3,24,38.20907118631565,19,3524,2,1,9.990033508299616,Green,Striped,23,ğŸŒŸ,10,83282,8,0,White,7,411490.3320548771
2161,6,3,28,26.360376716538255,16,2085,1,4,3.9397532448331987,Blue,Striped,96,ğŸ€,16,87511,7,1,Red,1,253288.9379553176
1653,1,4,15,15.512943103019609,6,3479,2,4,7.733655208439617,Black,Striped,30,ğŸ”¥,12,61742,4,0,Grey,3,160483.04418026903
1576,5,1,6,8.287587999628656,3,2693,2,9,8.259985477241347,White,Floral,77,ğŸ˜€,7,50522,4,0,White,3,213340.842252406
2207,5,4,8,19.4277375630222,28,3315,2,5,8.722209439065063,White,Striped,18,ğŸ˜€,9,91132,6,1,Black,1,234162.23913492952
3277,6,1,27,8.185053765819388,13,6154,1,5,9.978654676619408,Red,Floral,87,ğŸ˜€,6,13880,4,0,Red,6,438508.54447498644
2195,3,3,5,7.070098505854115,2,1778,0,6,3.1734683673118105,Green,Plain,79,ğŸŒŸ,18,53454,5,1,Blue,9,249175.45187269375
2233,5,3,16,24.88539441781248,23,5589,0,1,1.3631574417372974,Blue,Striped,97,ğŸ”¥,6,65711,9,1,Red,8,199492.31425548292
1939,7,3,26,21.161846620980494,36,2585,1,1,4.700723661951274,Red,Plain,21,ğŸ”¥,17,53539,3,0,Grey,7,209360.24507370323
2794,5,4,18,26.968793367132196,15,2492,0,9,2.1707260284605225,Green,Geometric,57,ğŸŒŸ,11,78321,4,0,Red,8,310100.8077379238
1335,5,2,6,37.21943215816857,3,6886,0,3,1.2018330024584962,Black,Plain,23,ğŸ˜€,14,97985,7,0,Blue,6,150117.9292259933
702,5,2,5,21.524278426892085,23,1660,2,4,4.243841444273375,White,Geometric,91,ğŸ˜€,17,24799,8,0,Black,9,44885.28574836346
3755,3,3,28,23.44681610388051,33,2348,2,1,8.053644259677128,Blue,Plain,45,ğŸ€,14,70102,9,0,White,3,395756.8533018977
622,1,2,16,4.040240396620213,29,6423,1,9,6.095626221025638,White,Floral,44,ğŸ’§,18,60726,9,1,Grey,9,84091.19747924937
900,5,2,13,28.846613543390866,17,2299,1,8,3.8150019028931865,Black,Plain,82,ğŸ”¥,15,58784,8,0,Blue,4,57125.5773256696
1266,9,4,28,16.296255668764168,18,4940,0,2,6.889078049434477,Green,Floral,88,ğŸ”¥,14,53333,8,1,Grey,7,163495.94766901995
793,1,1,5,39.08064692717186,30,2986,2,8,3.0881636227792963,Black,Floral,47,ğŸ”¥,10,50828,9,0,Red,9,29366.005939861963
2827,3,3,13,33.01537361602858,18,3044,1,7,1.1294330146487652,Black,Striped,40,ğŸ’§,8,79526,5,0,Grey,2,303668.53030281636
3431,4,3,17,21.138001100386674,48,4516,1,6,7.8791804779278465,White,Floral,51,ğŸ€,9,64362,7,0,Blue,2,370616.03414176794
697,1,4,18,5.367294839800559,45,7024,1,1,6.613687763776082,Blue,Geometric,42,ğŸ’§,5,63997,5,1,White,9,48549.17000680791
3529,1,4,8,34.446923834583274,18,6443,1,7,7.86072362050864,Black,Striped,7,ğŸ˜€,11,60341,4,0,White,3,378107.503083171
2430,8,2,13,32.091353269248856,21,2058,1,7,1.3504421501889905,White,Striped,50,ğŸ˜€,12,29073,3,1,Grey,9,259243.053032731
3299,2,3,29,7.791112616712803,23,1976,1,9,8.53407665047587,Blue,Plain,48,ğŸ”¥,13,24549,8,1,Black,5,360093.9472725473
2691,8,1,19,12.163492424202248,44,5577,0,1,6.57573580032673,Green,Floral,84,ğŸŒŸ,12,93795,7,1,Grey,6,356030.76112073037
1108,7,4,26,31.839586696839575,11,1727,2,2,6.070558156413761,Green,Floral,91,ğŸ”¥,9,66920,8,0,Red,2,126662.52758232427
3772,2,1,3,7.816523638622682,29,3527,2,9,6.621526433030784,Red,Geometric,6,ğŸŒŸ,7,95326,5,1,White,8,477565.2624573728
1647,6,1,24,36.751223322269404,37,4136,1,9,8.779899221815278,White,Plain,91,ğŸ’§,14,85515,6,0,White,9,177092.5180409348
686,6,3,8,17.268833295256293,30,6127,2,6,6.282428559030164,Blue,Plain,9,ğŸ˜€,15,30316,4,1,White,2,52053.8770244856
3897,3,3,2,3.938039022212516,35,1342,2,6,6.228553418993614,Black,Striped,57,ğŸŒŸ,13,36183,3,0,Black,6,468160.32626788114
3011,2,4,8,32.7220714184191,18,2447,2,4,9.916112413591893,Green,Striped,31,ğŸ’§,19,34624,4,1,Black,6,296524.32777800644
3920,1,3,27,15.25363248001631,47,3379,1,4,7.810571503617112,Blue,Striped,21,ğŸ˜€,10,72515,6,0,Blue,8,405387.35934560985
2294,6,3,13,21.29671816907435,44,7581,1,5,4.980644249060218,White,Geometric,90,ğŸŒŸ,19,95781,3,0,Grey,5,251190.93488498882
1159,5,3,13,4.936021604243157,35,4659,2,3,7.366573000296349,Red,Geometric,40,ğŸ”¥,9,56705,6,0,Grey,9,165806.6250996177
3311,9,1,1,0.6020685863768043,29,7317,2,1,4.503074245226096,Green,Striped,45,ğŸ”¥,17,99326,4,1,Red,1,438215.15133618494
3502,1,4,6,25.700415628835255,48,7702,1,1,3.059879162351491,Blue,Plain,77,ğŸ”¥,7,36756,5,1,White,9,344471.4939315717
2455,7,2,24,20.8494192281824,32,1526,0,7,6.371666891989835,Blue,Geometric,49,ğŸ’§,10,70390,9,0,Black,7,279079.0396534717
2950,5,1,19,23.944773480364315,17,2896,2,1,9.353638883025564,Blue,Plain,87,ğŸ”¥,7,78369,4,1,Red,4,335125.5080726139
1869,5,3,16,31.852882090030395,48,5754,0,1,9.362255680139164,White,Plain,20,ğŸ€,14,80821,4,1,Red,3,153318.4277855375
2486,2,1,8,26.040933580202974,27,3073,2,3,4.077147502949413,White,Floral,92,ğŸ˜€,16,19589,4,1,Black,6,275422.04693466774
2034,3,3,28,7.403550991681398,46,5915,0,4,5.749097195995255,White,Striped,17,ğŸ’§,10,24116,7,1,Grey,1,229599.97298730287
646,7,3,1,14.750514504868693,10,7748,0,4,2.904723087128751,Black,Floral,28,ğŸ”¥,8,83181,6,1,White,3,59582.331024055806
3719,6,1,27,36.28269863911653,44,1405,0,2,9.960679985489952,Blue,Striped,41,ğŸ˜€,19,54786,6,1,Grey,2,379712.48016650387
3411,2,4,27,30.91281565994132,32,7375,1,1,9.830061170811422,Green,Striped,66,ğŸŒŸ,6,86425,8,1,Red,9,385364.0554085202
2234,6,3,16,22.487163788500332,16,7676,0,3,6.845580367367026,White,Plain,25,ğŸ”¥,12,40286,6,0,White,3,251932.99367433513
2343,2,4,9,10.597977413466255,5,2573,0,4,8.23972653709726,White,Striped,58,ğŸ˜€,8,25994,8,0,Blue,2,297570.0744589289
988,2,2,13,12.431389822474404,3,6907,0,3,7.4359014515533,Blue,Plain,41,ğŸ€,13,36639,7,1,Red,4,140456.0248643427
3476,2,3,11,29.412343669632563,19,5600,2,8,6.338423971355214,White,Plain,6,ğŸŒŸ,11,27205,5,0,Grey,2,397750.4499526696
2459,3,4,13,34.121383303684446,47,4740,0,1,1.4801319729000793,Black,Striped,75,ğŸ€,16,66677,8,0,Grey,1,234129.2901121235
2163,2,4,25,27.02127444645927,46,5274,2,2,5.092879082973949,Black,Plain,38,ğŸ˜€,6,42930,4,0,Grey,6,165271.1459389655
3098,4,2,21,32.47643404285345,26,5227,0,7,7.073076719506695,White,Plain,6,ğŸ€,8,83313,5,1,Black,8,341505.2750264164
2885,9,4,10,30.782917340416038,14,2846,0,4,7.097784524953162,Blue,Plain,45,ğŸ˜€,9,28316,9,1,Red,2,382657.1513849469
3419,6,4,4,6.41330673429983,5,2478,1,8,4.358103565801452,Blue,Geometric,75,ğŸ˜€,7,37304,7,1,White,9,428452.23833507375
1140,1,2,27,17.245820110075428,46,3395,2,3,9.475227879922276,Blue,Plain,14,ğŸ€,13,97876,6,1,Grey,3,62334.95945890392
2302,8,3,6,6.542860132728225,13,7683,0,6,2.5062132901310292,Red,Geometric,66,ğŸ˜€,17,95366,8,1,Grey,8,289028.13987230527
3020,7,4,28,9.7918055996784,10,1771,2,9,5.503235015940046,White,Geometric,40,ğŸ”¥,9,23403,4,0,Black,8,376037.6261051463
2469,3,4,7,34.83575517371658,38,6525,2,1,7.217955788957405,Blue,Plain,3,ğŸ˜€,6,90052,3,1,White,3,225666.5958910292
2698,1,4,5,19.179232642510694,8,7219,1,1,7.2742222530262834,Black,Plain,99,ğŸ’§,15,94627,9,0,Red,3,246312.07167663617
1938,5,1,11,21.646645022785105,25,1578,1,8,6.83775061091934,Green,Geometric,97,ğŸ˜€,7,83495,3,1,Blue,6,215633.01706151984
3869,4,2,13,7.548615626496999,15,3901,1,3,3.4775939210667417,Green,Geometric,24,ğŸ’§,18,41932,5,0,Black,1,452759.55163310195
2134,8,1,26,12.834735548927442,4,6611,1,5,2.4058591181795976,Blue,Plain,19,ğŸ˜€,19,46701,6,1,Red,4,311081.72989460715
762,1,2,25,9.594723652900862,9,1193,1,1,6.723462941440398,Green,Plain,18,ğŸ˜€,13,13385,3,1,Blue,1,81368.58428030463
2287,1,3,19,8.644353498477843,49,3007,1,5,6.393719045254939,Green,Striped,64,ğŸ€,11,67241,5,1,Grey,3,261165.04769025109
2691,4,3,23,25.699451335980818,2,2185,1,6,2.6142040926031687,Red,Geometric,88,ğŸ”¥,6,20367,7,1,Grey,9,301389.1001261076
2893,8,4,10,10.646911982005735,12,3394,1,8,7.34625231013507,Black,Geometric,35,ğŸ”¥,13,75030,5,1,White,5,369464.29809046845
1123,5,2,10,25.46461169780653,42,3998,0,3,5.096547925602907,Black,Striped,62,ğŸŒŸ,18,56505,9,1,Blue,5,75917.09668604733
1516,2,3,11,2.8089572572878794,48,6480,2,3,7.009845324428376,Red,Geometric,1,ğŸ€,8,43332,5,0,Grey,4,152503.23800964237
1380,6,2,21,6.100088544320523,29,2792,1,9,8.536303717931357,Red,Floral,25,ğŸ€,17,95178,9,1,Grey,3,199522.16120990625
2549,5,3,7,11.344340033004952,44,2110,1,4,2.5275558571923087,Green,Geometric,45,ğŸ”¥,13,86325,5,0,White,5,304852.7293450965
3444,2,1,18,24.08335321737982,5,5005,2,4,1.17230381197153,White,Striped,49,ğŸ€,19,45268,4,1,Red,4,377684.83181628
1827,3,3,4,27.19572918095135,16,3261,0,7,8.011923277562081,Green,Floral,98,ğŸ”¥,17,96486,5,0,Grey,8,198369.83105789046
2801,9,1,2,17.98732018779132,44,4736,2,2,6.487276826373543,Red,Plain,89,ğŸ€,6,35563,8,0,Black,4,351056.2579151249
952,7,3,14,18.108741125800545,18,4793,2,8,7.296756126599095,Black,Striped,16,ğŸ˜€,19,46404,5,0,Black,8,156494.78097018332
3608,7,4,13,29.118415630245416,41,2936,1,6,8.543394774897783,Green,Striped,98,ğŸ”¥,16,65182,4,0,Red,6,415243.70343234343
1683,6,1,29,1.1249331247405063,34,7716,2,3,8.225298413420504,White,Plain,93,ğŸ”¥,14,42991,4,0,Blue,5,198822.4488026832
3562,8,3,12,13.973055966731712,45,5875,2,9,9.648281322359422,Green,Striped,19,ğŸ’§,16,57663,7,0,White,4,430666.4863915891
2556,4,4,7,32.8389287562097,25,5357,1,5,5.823415709669064,Blue,Geometric,23,ğŸ€,8,75886,9,1,Black,4,282112.91940811294
3804,8,1,2,24.3271667034282,4,1729,1,8,5.396460693939148,Green,Plain,83,ğŸ€,9,93848,6,0,Black,4,478702.4301734317
3670,4,4,13,13.820471743839105,28,5378,1,7,4.616984799016571,Red,Striped,25,ğŸ”¥,6,34127,3,1,Red,9,398968.65494168375
2182,8,2,14,36.26822929702212,36,6586,1,8,2.3832193855978407,Black,Plain,16,ğŸ˜€,14,67692,3,1,Blue,4,241711.79044430307
3363,9,2,27,31.018597734250612,19,4451,2,7,6.153465095938202,Black,Plain,54,ğŸ˜€,5,47500,5,0,Blue,9,378387.0048486618
2755,3,1,17,10.96337016585097,48,5457,2,3,3.493112718933809,Red,Plain,73,ğŸ˜€,11,43785,7,0,Red,6,303422.3062588347
1654,3,3,9,25.988948582265817,20,5536,0,2,9.291767609916779,Blue,Floral,1,ğŸ€,14,94146,5,1,Black,7,185413.36961146913
903,2,1,17,24.03215376346379,9,3140,0,7,6.248717238493878,Red,Striped,42,ğŸ’§,5,99126,3,0,White,3,94536.7401434423
2699,3,4,8,16.346922604539817,4,2644,2,3,6.335561624572992,Green,Floral,19,ğŸ”¥,15,57997,9,0,Black,8,299596.5668692391
2601,3,3,2,14.994765128589627,35,3800,0,3,4.194321947893091,Red,Striped,97,ğŸŒŸ,15,17170,9,0,Blue,3,290971.0118863139
3691,5,2,28,14.070638753640306,5,5962,2,2,1.4679041677993674,Red,Geometric,34,ğŸ’§,12,23303,9,0,Black,1,434592.40596712247
2196,5,3,24,24.87765344412805,25,6543,0,4,1.2856938883568976,Blue,Geometric,80,ğŸŒŸ,7,81743,4,0,White,5,301537.57963294326
1127,2,2,13,17.975192490986444,3,1141,1,8,4.810016297378778,Green,Geometric,55,ğŸ’§,18,87852,6,0,Grey,2,122944.37459242759
1086,6,3,3,33.35859297343117,38,6410,0,1,1.7610884028751408,White,Striped,18,ğŸ˜€,14,45187,7,0,Black,6,82092.47871439745
2148,5,3,16,26.949303337291493,38,2455,1,1,6.461622599861252,White,Plain,34,ğŸ€,10,75034,4,1,Red,9,257379.38791848527
1943,6,3,6,3.262298425522648,49,7892,1,5,8.928757050756918,Black,Plain,89,ğŸŒŸ,11,81776,6,0,Grey,1,270715.779675382
1945,1,4,19,25.78664484121256,34,6971,1,5,8.9462333486685,Red,Floral,45,ğŸ’§,14,11893,7,1,Red,4,225353.44694865184
603,5,4,7,11.2103237417573,0,6943,1,1,6.931408691190091,Black,Floral,6,ğŸ€,5,23753,7,1,Red,1,122304.38803756594
753,9,1,10,23.916073670310197,23,6808,0,6,2.901086483256379,Blue,Geometric,21,ğŸŒŸ,18,48090,3,1,Red,1,106740.18715185727
3798,2,1,9,27.36521127858633,35,7796,2,1,8.766971482229849,White,Floral,70,ğŸ”¥,10,74922,4,1,Black,8,407215.14820655796
3683,1,2,2,9.617752971583476,5,5796,1,5,8.974840917818874,Red,Striped,96,ğŸ’§,11,86768,7,0,Blue,2,426981.0351905384
3057,9,4,28,18.54591647277456,40,6093,0,9,2.769882264576628,Blue,Striped,48,ğŸ”¥,10,69412,8,1,Grey,1,366179.61925870733
1996,9,2,28,8.017832081353177,45,3096,1,5,7.636834771936095,Blue,Floral,39,ğŸ˜€,8,66030,9,1,White,8,250918.1445343897
598,9,1,15,2.5673855935670784,43,2325,0,6,3.5786759403441066,Red,Floral,31,ğŸ”¥,5,27509,7,1,Blue,4,124807.65775542118
2700,6,2,5,15.449818727691829,30,5976,0,8,8.223762811176368,Blue,Floral,10,ğŸ”¥,15,78653,6,1,Black,3,321839.6900471818
2384,8,1,29,14.836298737916684,19,2213,0,1,9.975141099132424,Red,Floral,30,ğŸ’§,13,46929,3,1,Red,4,317553.9891894491
3461,1,4,22,39.821479382818154,23,2159,2,2,1.2702340479645353,Red,Geometric,18,ğŸ˜€,8,58291,5,0,White,5,367218.11202139256
2419,4,3,4,18.130917872306867,24,5650,0,9,9.076292792118387,Green,Geometric,60,ğŸ”¥,11,14042,9,0,Grey,1,253910.52392909804
1377,1,4,20,13.675997204151916,35,5499,0,3,6.603674802387922,Black,Floral,88,ğŸ€,11,72574,3,1,Blue,1,104882.47079652645
837,8,2,4,23.428762765308647,20,5987,2,6,9.760443572483391,Blue,Striped,73,ğŸŒŸ,6,47201,5,0,Blue,3,74563.59651833572
3369,1,2,18,4.006312067256854,29,5697,2,5,5.185085657737848,Blue,Geometric,95,ğŸ”¥,5,24016,4,0,White,6,386036.40454449895
3734,3,4,4,38.48579657021512,23,6926,0,2,8.626491375142365,Green,Striped,15,ğŸ˜€,12,35022,4,1,Black,1,401137.8671500348
1456,4,4,27,25.580921800845807,43,1340,2,7,1.561546617384495,Green,Plain,4,ğŸ”¥,12,37938,7,1,Grey,2,130482.6107518436
2204,8,1,17,30.316093887663488,41,4828,1,4,4.017511450704662,Green,Striped,63,ğŸŒŸ,11,53678,8,1,White,7,260767.16210332682
660,6,2,12,7.233878557869743,29,2968,1,1,1.6031488397608897,White,Floral,40,ğŸ˜€,18,71720,4,0,Red,1,79095.4782748562
2103,7,2,22,16.674375193705554,21,1703,2,4,9.778088201311634,White,Plain,9,ğŸ’§,19,66805,7,1,Grey,7,261187.58597312056
3348,8,4,17,17.196219979149486,27,5413,2,6,8.352765165446531,White,Geometric,9,ğŸ˜€,19,84323,9,0,Blue,4,410217.3036445135
897,2,3,10,32.961354534092926,6,7761,0,7,8.672926791213735,Red,Geometric,26,ğŸ’§,19,11986,3,0,White,6,101086.63003460834
1800,8,2,22,0.548848850496673,34,6482,2,7,9.441687082905048,Blue,Plain,4,ğŸ˜€,19,86478,4,0,Blue,8,225471.90822224953
1315,3,3,1,12.383697779953575,27,3429,0,7,1.7659313750780683,Black,Striped,81,ğŸŒŸ,12,92994,3,1,Blue,9,190292.83515316373
2027,7,4,22,39.25883678660001,13,7376,1,3,4.47037833262,Red,Geometric,16,ğŸŒŸ,7,22161,3,0,Blue,6,203564.7477653079
2419,3,4,26,19.258018468495635,9,2800,2,6,1.639314001396019,Blue,Floral,15,ğŸ˜€,15,30689,8,1,Black,9,246891.83449004032
1915,7,1,24,15.609788069638325,15,6463,0,8,2.8971379139502575,Blue,Plain,99,ğŸ”¥,6,70924,4,1,Blue,4,232547.01808701176
1658,2,2,27,5.233245579697031,15,6668,0,4,3.0642919933390513,Green,Floral,52,ğŸŒŸ,11,84308,3,1,Red,6,261412.91460319058
1718,6,3,18,38.97950283080662,30,5912,1,8,5.221964899428208,Green,Plain,69,ğŸ’§,12,73745,8,1,Red,8,186594.85045416257
900,3,1,18,1.2910410590700665,41,5648,2,2,3.4170595070827834,Red,Geometric,5,ğŸ’§,5,11211,8,1,Grey,9,120822.72048022013
1139,3,2,14,29.618618887786102,24,1855,1,9,1.9088029613598498,Green,Striped,20,ğŸ€,16,10229,4,0,Blue,3,115955.80890115125
3604,9,1,15,30.859692289146082,12,2812,0,9,2.5074198018469693,Blue,Plain,79,ğŸ’§,14,58542,8,0,Blue,2,412198.5922762347
3235,7,4,29,10.124440284522732,5,3866,0,8,2.3254800719688182,Green,Plain,18,ğŸ€,13,24345,4,0,White,6,413034.2271005331
959,5,2,12,27.02655852271497,43,4642,2,1,9.757691181210685,White,Floral,2,ğŸ˜€,19,41819,4,0,Black,4,86690.20822227
1454,7,1,4,4.170701202985902,8,1182,0,2,7.833632562266263,Green,Geometric,93,ğŸ˜€,17,57779,5,0,Grey,1,237005.28316840934
969,9,1,27,10.653367024067155,44,4112,2,6,9.709853187426058,Blue,Floral,13,ğŸ˜€,19,92421,3,1,Blue,8,129926.19513216623
3946,1,3,3,31.622128537544466,35,6670,1,5,4.957664378571177,Red,Geometric,4,ğŸ”¥,15,75584,6,1,White,9,413021.27630213514
1545,7,1,20,34.65510458532484,42,5492,2,9,3.5053163349639096,Black,Floral,42,ğŸ”¥,8,29950,4,0,Black,9,132521.3551746303
3297,6,2,29,24.535213300061756,19,6823,2,5,8.18463877488268,Green,Plain,74,ğŸ€,18,25173,3,0,Grey,2,385937.46978741966
2193,9,2,12,20.520118056909062,17,7922,0,2,3.936285262370321,Blue,Floral,61,ğŸ’§,16,68032,9,0,Grey,9,278138.8595850131
2585,1,3,7,6.792508814449722,42,2517,0,4,3.6944503633481345,Black,Striped,95,ğŸ’§,18,38036,8,1,Blue,7,268379.473015515
2777,4,2,29,2.9928068066264317,20,6002,2,9,3.0925539298704807,Black,Geometric,8,ğŸ˜€,8,81356,7,1,Grey,5,351814.0618712719
3936,9,4,11,5.147136624705566,3,2356,0,1,2.167110804018118,White,Geometric,67,ğŸŒŸ,7,24292,4,1,White,7,513362.88553883886
1062,4,2,1,9.480613353795901,49,3174,0,1,3.3081675491508937,Black,Plain,63,ğŸ”¥,10,13052,8,0,Grey,9,138787.99516698145
2985,3,2,6,13.996142824928373,32,4629,0,7,4.1978777362649895,Blue,Geometric,9,ğŸ”¥,5,54377,8,0,Red,8,366853.14812064555
2299,9,1,15,15.545926257683995,26,4628,2,3,7.065947873311574,Blue,Striped,94,ğŸ˜€,10,99317,8,0,White,6,291646.6964857596
3854,2,1,15,14.17970985926564,6,5096,0,2,1.5630835799750642,Green,Floral,11,ğŸ”¥,6,77838,8,0,Black,4,428683.13752845966
2574,4,2,19,9.942685621791991,5,4239,2,9,2.8945624569880866,Green,Plain,99,ğŸ˜€,13,77819,8,1,Black,1,295853.53995641915
725,6,3,11,20.634107746692077,14,4691,0,3,8.281212762625088,Green,Striped,42,ğŸ€,6,25620,4,0,Blue,6,117091.3916415437
3848,2,1,26,33.09880127519943,17,1018,1,2,2.3222973122539368,Black,Geometric,13,ğŸ’§,11,40461,9,0,Blue,3,420321.5859496521
1297,8,3,23,11.548289769623429,31,4403,0,8,4.083806318702694,Black,Geometric,36,ğŸŒŸ,16,30750,6,0,Red,6,203940.64093658602
2831,8,2,26,37.724287254538204,10,5679,0,6,8.78193029672326,White,Striped,13,ğŸ’§,5,98719,5,1,Black,6,330105.6654879373
3426,1,2,2,34.99679813809199,19,5551,2,6,2.394327800290984,Green,Floral,12,ğŸ’§,16,19472,8,1,Black,4,372999.515536431
1459,3,4,14,6.88968634840833,23,4004,2,7,1.744631520563709,Red,Floral,37,ğŸ€,11,79263,8,0,Black,2,191619.9428021507
2004,9,1,2,31.557900291905234,14,7132,0,7,5.3608419557200975,White,Plain,74,ğŸ”¥,9,67602,5,1,Black,9,209480.37327395368
952,5,2,29,23.19620160155178,47,2132,1,6,3.7217756015068275,Red,Geometric,73,ğŸŒŸ,12,35523,9,1,Grey,2,96484.71259992284
3567,6,4,4,22.879726805771032,6,4339,0,4,6.070675280354687,Black,Striped,52,ğŸ”¥,8,40766,9,1,White,3,397180.4317641022
1315,4,1,17,15.94618914079789,20,7588,0,9,8.234244014351276,White,Floral,71,ğŸ’§,19,76060,4,1,White,1,142182.46933125387
1158,2,2,3,20.295543467689384,41,4311,1,6,2.2343363933746883,White,Plain,2,ğŸ˜€,16,19079,3,1,Red,7,119020.07752092693
1046,8,2,13,16.188561708453836,25,7048,2,4,6.226291760988564,Blue,Geometric,56,ğŸ’§,19,18399,7,0,Grey,1,113230.4796266702
1715,6,1,9,21.81943844101774,43,4372,0,3,5.549578843508775,Black,Geometric,60,ğŸ”¥,14,70726,7,0,Black,9,201357.58882902682
3620,5,1,7,25.304027084519117,13,7745,2,4,2.2967090741187963,Black,Plain,23,ğŸ’§,11,26532,3,0,Black,1,387576.5796639046
516,9,1,15,27.135000353157412,36,7246,2,3,6.615986369760842,White,Plain,40,ğŸ˜€,10,92357,4,1,Blue,5,78283.89594949526
3743,1,2,23,21.533007106097333,20,1987,1,2,3.462763760746945,Black,Floral,64,ğŸ€,9,53162,7,1,Blue,7,402571.74569874705
1743,5,2,29,28.9961716594849,17,4321,1,5,5.390508866896113,White,Striped,85,ğŸ”¥,8,13749,9,1,Red,3,165023.39402639697
2705,6,4,29,6.080482946382479,4,5615,2,2,1.7404509184935568,Blue,Geometric,23,ğŸ’§,19,21353,5,1,Black,9,315572.15726060467
3024,5,3,11,8.873308390638423,2,5954,0,6,5.136256514922607,White,Striped,29,ğŸ”¥,11,38477,3,0,Red,8,362382.9607572892
1569,6,1,20,32.84003266093367,22,1173,2,3,3.758171212385383,Black,Geometric,78,ğŸ€,16,34570,9,0,Grey,3,124267.7148694635
3944,6,2,2,13.239855124933399,25,6462,0,6,8.401430900668188,Black,Geometric,90,ğŸ’§,9,96373,6,0,White,5,464952.2345304333
3065,7,2,15,1.4043060865567498,36,4741,0,9,1.5128085429763145,White,Striped,51,ğŸ’§,9,21437,4,0,Black,7,411883.2813768265
2646,4,1,14,6.574750411887228,23,4052,1,1,4.76746547426497,White,Plain,69,ğŸ”¥,19,48104,3,0,Grey,4,316983.6423873725
2268,8,3,20,9.332770162604294,48,7574,0,6,5.1258828171829425,White,Floral,95,ğŸ”¥,5,73370,7,0,Black,5,260210.47243796077
1560,7,1,22,38.314254071836196,18,1726,0,9,7.5250546866920685,Green,Geometric,89,ğŸ˜€,6,14551,4,1,Blue,3,163853.88522362185
2827,9,3,11,23.135136442768548,24,4760,2,4,6.168588175811899,Black,Plain,31,ğŸ€,9,78359,5,1,Red,9,345095.21085334534
3920,7,2,27,37.34286424881206,20,6806,1,2,7.0049110347476296,Black,Geometric,50,ğŸ˜€,17,64880,4,0,Blue,9,482517.9028784963
3044,3,3,3,23.218952344616685,11,2875,0,4,7.993443570865805,Green,Floral,20,ğŸ’§,7,22916,4,1,White,7,357965.9918538831
801,3,4,17,19.434500385445144,40,7993,0,1,8.759826762923698,White,Geometric,55,ğŸ”¥,18,90703,5,0,Blue,2,76080.21196528919
680,8,2,12,12.892243802166794,32,6777,1,3,3.8248794705022346,Blue,Floral,81,ğŸ’§,17,51445,8,0,Black,7,110762.96526394076
1106,5,4,24,24.451652305118337,49,5033,2,9,5.842204348275127,White,Floral,2,ğŸ’§,6,57636,5,1,Blue,7,103654.90017872125
3670,4,1,28,5.998321972392429,3,6443,1,5,8.5609727059528,White,Geometric,25,ğŸŒŸ,18,83927,9,0,Black,5,448994.25342328736
1199,8,1,29,35.98133427806189,41,1989,1,6,9.905060178685508,Green,Geometric,13,ğŸŒŸ,18,88194,4,0,White,9,150786.80465153846
1492,6,1,21,33.258630003080704,6,4744,0,3,9.005673799393868,Black,Floral,92,ğŸ’§,8,39685,5,0,Blue,3,124640.47445905398
1639,2,3,15,13.042492191131114,21,3686,0,5,4.343205363619392,White,Plain,70,ğŸ”¥,8,61134,8,1,Red,4,200175.17197612213
690,4,2,16,38.13550234025113,32,1419,2,8,2.756498654967854,Black,Striped,67,ğŸ’§,8,98916,9,1,Red,1,33780.91697586779
2800,4,1,5,33.09543031291494,16,1593,0,6,5.404532836659299,Red,Floral,58,ğŸŒŸ,8,77847,3,1,Red,6,295727.0661055606
1480,6,1,27,26.819121990484067,23,7628,0,4,7.67477306652438,Black,Geometric,99,ğŸ”¥,7,49993,5,1,Blue,4,149413.39834039964
3475,6,2,20,5.309595489448355,33,2774,1,2,5.433121636779679,Blue,Geometric,82,ğŸ’§,17,54333,5,0,Blue,1,432209.08717711124
2506,1,1,6,19.390243910398855,27,3459,0,9,5.3486277698230165,Blue,Plain,75,ğŸ€,16,68865,4,1,Blue,2,267664.0448043084
1684,8,4,19,20.49124841644666,42,1935,2,1,8.544073789736206,White,Striped,84,ğŸ€,11,89096,9,1,Black,3,190449.07964079067
3827,6,2,25,9.685778655432514,40,6203,1,1,4.252634011604677,Black,Floral,64,ğŸ’§,13,59756,3,1,White,9,448658.1771145182
3894,3,2,5,3.6586330771924267,38,6232,2,4,8.73815207330481,White,Floral,69,ğŸ”¥,16,71192,6,0,Red,8,427285.44133519265
627,9,2,3,31.18058340363186,21,4808,1,7,4.661243208565512,Green,Striped,83,ğŸ’§,9,70686,6,1,Black,7,52693.0500075188
2565,2,4,27,5.320384558913603,48,1331,0,1,3.9540979511050547,Blue,Floral,86,ğŸ’§,8,58733,7,1,Red,4,285173.52023641014
2316,8,2,1,23.974484647190103,16,4449,1,9,5.085909200797291,White,Striped,59,ğŸŒŸ,15,35993,5,0,Black,1,280182.89447255165
2258,3,4,26,37.48974236840459,33,3702,1,4,7.862022628073816,Green,Geometric,60,ğŸ€,6,40492,5,0,Blue,8,259087.10414102318
3113,5,2,28,35.10615510762268,5,7184,0,3,2.1340182507759486,White,Striped,83,ğŸŒŸ,6,30981,3,0,Red,4,332081.64346829755
1069,6,3,6,11.471228638095814,45,5006,0,1,2.7677729428481563,Black,Floral,62,ğŸŒŸ,9,34143,8,0,Blue,3,107098.53996791286
1846,6,1,15,34.13222118327498,5,6889,2,4,9.563003430967827,Black,Striped,16,ğŸ’§,11,87603,6,1,Red,9,184531.74639902555
2395,4,3,2,0.5131339917593316,33,6054,2,9,2.5794246464322166,Black,Plain,88,ğŸŒŸ,14,99452,7,0,Grey,4,299797.19436440326
3233,3,1,29,1.1986684797236602,0,4868,0,6,6.109545861379491,Black,Geometric,68,ğŸ€,14,70277,3,1,Black,4,412934.70647633995
1125,4,4,3,24.300849971793166,9,5200,0,6,6.213830199957441,Red,Geometric,15,ğŸŒŸ,13,59990,5,1,Grey,9,130415.6293037011
3859,1,3,17,14.909529656208914,20,1201,0,1,5.406620158452203,Green,Striped,89,ğŸ€,17,72888,6,1,Black,2,456269.865480372
3401,4,2,25,15.765203225786312,4,3497,1,2,6.802707237191367,Green,Floral,55,ğŸŒŸ,11,79351,9,1,White,5,422656.80691356
2186,1,1,24,22.79542308181586,1,2842,1,6,3.068440532178566,Black,Plain,35,ğŸ€,9,59999,7,1,Red,4,227249.19262781282
3509,1,1,12,8.075406995878492,21,2866,1,2,5.973960409990734,Red,Geometric,55,ğŸŒŸ,14,80309,4,0,White,9,448729.6931810064
654,6,3,18,8.864336351286395,47,2996,0,3,4.349559297222074,Black,Geometric,14,ğŸŒŸ,14,22446,6,1,White,5,73988.12504989513
3037,5,4,15,19.641762687245155,1,6385,2,4,6.955005336662701,Red,Floral,49,ğŸ”¥,14,40733,7,1,Black,9,361864.1674959505
1909,4,3,12,30.29301500158259,9,1909,0,5,2.271011890358345,Black,Floral,83,ğŸ€,10,86000,3,1,Grey,9,226857.01893307996
1284,3,4,16,24.970161180599714,33,5305,1,9,6.137896751555286,Blue,Plain,7,ğŸ€,15,58632,4,0,Blue,2,133053.25878885575
3675,1,4,27,12.245524405355136,15,5658,1,4,2.6674331984499133,Blue,Striped,30,ğŸ€,16,31576,7,1,Black,9,378314.7785115125
3964,6,1,8,17.49831851160239,47,4189,0,9,3.5077875680353277,White,Floral,83,ğŸ˜€,7,13320,7,1,Blue,3,465445.23883853346
745,2,3,28,7.241257962724937,38,7856,0,3,2.968388202912249,Black,Striped,49,ğŸŒŸ,9,20750,5,0,White,4,94377.40817764233
3747,8,3,14,3.4478776663147275,21,6659,1,8,2.645540018819354,Green,Plain,89,ğŸ€,12,63463,8,1,Blue,1,451298.7779099368
3610,5,4,25,31.416493609393893,11,1770,1,1,8.431398564046003,White,Striped,16,ğŸ˜€,5,36572,6,1,Grey,1,422789.11548848887
2000,7,3,17,10.982802662933686,23,4155,1,9,3.571368108948013,Blue,Geometric,51,ğŸ”¥,16,27948,5,0,Black,1,259428.87480586852
2205,2,2,29,7.521772320124304,46,3501,0,9,9.344114036780043,Black,Striped,72,ğŸ€,5,48826,9,1,Grey,9,273195.751196841
3306,8,2,21,27.818913194988113,39,3714,1,2,9.729338728106718,White,Plain,82,ğŸ€,11,99051,4,1,Grey,8,369453.003760745
1037,2,3,8,24.913041134343846,37,5724,1,4,6.1413442294338765,Black,Plain,92,ğŸ˜€,18,37867,8,1,Black,5,105888.30661026912
2390,4,3,15,25.51099022753183,9,4585,2,8,2.2870101039915376,Blue,Plain,80,ğŸŒŸ,9,70231,7,1,Grey,5,269025.6796067189
2341,1,4,27,9.541336891441238,34,2628,0,7,4.370934190416231,White,Striped,83,ğŸ”¥,18,76262,5,1,Red,9,296729.0007438839
1420,5,2,14,9.6894987732259,48,6797,2,1,8.179590370133926,Blue,Geometric,42,ğŸ€,9,82233,8,0,Red,3,222186.75059642765
2955,9,2,18,9.221703876532747,31,1386,2,5,4.306516558273634,Red,Floral,17,ğŸŒŸ,5,54678,9,0,Red,3,407234.05296625197
1024,1,1,20,7.363227528660633,6,7031,1,7,1.7831549647250986,Blue,Geometric,63,ğŸ”¥,13,22963,6,0,Blue,7,124645.53226917353
3375,9,4,7,26.401085066185423,20,4421,0,4,6.011064198353692,Black,Striped,45,ğŸ’§,5,74360,9,1,Grey,9,450818.452321958
2029,8,1,3,33.99662746735135,19,7439,1,1,8.606087663464313,Green,Striped,77,ğŸ’§,9,59434,4,1,Black,6,238854.61963233264
3450,6,2,29,29.110540052228117,25,7401,0,9,8.163337484291521,Blue,Floral,7,ğŸ”¥,14,76617,3,1,Black,2,374675.2756512055
535,7,4,12,31.787698533541455,3,6200,2,5,2.576108261173179,Green,Striped,27,ğŸ˜€,13,30269,5,0,Blue,1,49832.98606065631
1184,3,3,21,16.48953794886539,45,5008,0,2,7.0548815297122,Red,Plain,10,ğŸ”¥,18,86312,4,1,Black,2,134079.13680260195
519,1,4,24,26.335993917193925,21,5093,1,8,2.984538370920824,White,Plain,34,ğŸ”¥,19,89732,3,1,Red,1,37995.09223661039
2868,5,3,28,14.492331497568594,14,5363,1,2,2.96386781096955,White,Plain,36,ğŸ˜€,8,91494,5,1,Grey,9,320716.20495749393
3059,2,3,26,21.25743256776128,39,3466,1,3,8.866645959746666,Green,Plain,25,ğŸ˜€,17,98905,4,0,Black,8,311623.2054191646
899,5,4,3,19.524576438127063,20,3282,0,1,3.2470205746620713,White,Plain,6,ğŸŒŸ,12,87225,9,0,Black,7,90766.93841861244
3201,8,3,20,7.487042233182248,14,2856,2,2,3.369226118662101,Blue,Striped,24,ğŸŒŸ,10,92867,4,1,White,3,419380.30891935044
1471,9,1,14,15.789611033257417,21,2998,2,7,1.005880516851696,Green,Floral,18,ğŸ˜€,15,47528,8,1,White,8,204786.8344477123
2406,2,2,15,38.570979881552866,27,6476,0,2,8.83602130712966,Black,Floral,87,ğŸ’§,19,88972,9,1,White,2,235589.6326597669
3018,3,3,25,10.318920179740212,13,2236,1,6,8.133353318882213,Blue,Plain,6,ğŸ’§,7,75602,5,0,Grey,2,341093.0450600367
1666,3,1,14,5.785247583039804,26,5669,2,3,6.645960415816102,Blue,Striped,29,ğŸ”¥,8,43332,4,0,Red,3,233180.98748582636
1615,1,3,7,17.033934554145443,40,5144,1,4,7.752391875449581,Blue,Geometric,25,ğŸ€,6,88929,7,0,Red,7,139807.93693192105
3925,8,2,17,31.71834056647585,39,2150,0,8,2.3684371068204264,Black,Geometric,55,ğŸ”¥,5,79206,5,1,Red,1,477769.3040473615
1333,6,1,12,23.494855076308905,27,5318,1,3,5.124912351288179,Red,Striped,81,ğŸ”¥,17,12251,4,0,Grey,8,161394.18305454394
2323,8,2,20,27.39850567591066,25,2431,2,6,4.160974486139028,White,Plain,46,ğŸ€,18,55717,8,1,Grey,7,295768.8875635686
3274,9,2,4,7.992946502899749,48,6624,2,1,1.8439887363131484,Green,Floral,24,ğŸ˜€,12,37027,3,1,White,4,402601.91438719205
2482,5,1,9,24.948453623805,1,2819,1,7,5.375174366934317,Red,Striped,75,ğŸ’§,5,96551,3,0,Black,5,282264.2356025084
1353,3,1,6,13.278265599003213,24,3324,0,8,9.286656853083718,Green,Geometric,26,ğŸ”¥,18,19583,7,1,Blue,1,151343.45274711604
550,5,1,16,33.45498295521332,2,6557,1,8,1.3605320714562503,White,Geometric,98,ğŸ€,17,60387,5,0,Blue,4,30689.570355149724
1074,5,4,25,25.35730283742408,7,2130,0,3,3.623148221444145,Black,Geometric,28,ğŸŒŸ,15,33104,8,1,Black,1,118249.21481376585
3761,5,1,28,8.35482297212419,43,6777,1,1,2.867868425851331,Blue,Plain,3,ğŸ”¥,5,22224,4,1,White,1,482469.5546632379
1648,3,1,22,3.052358853841403,32,7563,2,9,3.1433198829912667,Blue,Geometric,75,ğŸ’§,8,70624,4,0,Black,1,172644.78477587845
2697,4,1,22,2.184011766837793,41,3658,0,6,9.175910966914378,Black,Striped,38,ğŸ˜€,14,66058,3,1,Black,7,314919.7481855215
2861,9,1,21,15.17063842218056,34,4500,0,9,5.212621488108611,Red,Striped,61,ğŸ”¥,16,39299,8,1,Blue,7,340049.1359926041
3117,9,3,21,11.001119897845383,5,1374,0,7,5.196694716458369,Red,Geometric,78,ğŸ”¥,14,88572,9,1,White,4,399149.954910511
3913,2,4,2,26.020559876769067,38,3120,2,1,7.8451807820975406,Green,Striped,51,ğŸ€,19,95469,7,1,Grey,2,426418.63480526896
2852,8,2,24,20.22368648165542,22,5020,1,1,2.390429836044332,Black,Geometric,90,ğŸŒŸ,10,87928,3,1,Blue,3,360750.761966331
