customer_id,store_id,age,annual_income,monthly_spend,discount_percentage,purchase_frequency,avg_basket_value,avg_transaction_value,days_since_last_purchase,online_visits,total_returns,loyalty_score,marketing_spend,energy_consumption_store,target_sales
100000,3,50,858002.5,3171.15,49.76,3,890.52,894.55,9,18,0,60.88,4129.2,195482.15,38402.34
100001,24,35,655481.34,6910.18,78.96,2,1663.92,1638.1,3.8,12,0,53.97,1982.27,49332.68,18364.94
100002,20,40,,8390.05,32.11,6,921.36,831.69,0.4,20,0,67.57,412.29,46873.33,10626.14
100003,14,33,975729.01,11753.63,28.76,6,2168.32,2304.98,32.4,14,0,50.22,341.69,33182.51,17532.91
100004,13,32,376503.51,3525.63,19.13,7,580.03,597.85,27.4,32,0,47.91,1407.34,181869.17,16736.72
100005,26,25,1036343.9,10758.19,60.68,3,1791.65,1790.26,23.8,8,0,66.47,1043.97,81212.58,13952.58
100006,3,39,268490.99,2137.51,27.77,1,1388.46,1204.97,2.4,4,0,38.24,224.24,32591.17,610.84
100007,21,25,745190.55,2844.15,51.53,3,841.01,816.25,1.9,15,0,40.91,2795.96,207432.28,23418.61
100008,7,41,681205.31,3066.74,10.75,3,935.79,960.14,2.6,9,0,30.85,931.59,78523.37,10494.64
100009,3,46,422776.35,4641.38,21.08,6,817.85,816.44,73.1,28,0,55.24,1318.92,84447.14,14535.03
100010,16,38,603658.12,9024.7,30.67,2,3025.64,3060.48,2.7,9,0,74.14,191.53,25092.81,9028.82
100011,30,31,421194.65,1482.67,0,3,503.19,523.89,27,13,0,39.62,1320.63,90628.75,11607.12
100012,23,39,4181152.37,41137.04,0,3,7819,7891.59,18.8,15,0,55.79,3596.06,93027.12,77462.66
100013,23,31,,5986.97,69.83,3,1502.69,1561.26,62.1,20,2,67.85,23038.97,66889.13,190810.29
100014,22,44,315521.24,4095.78,18.83,4,700.25,664.81,51.5,16,0,77.9,2349.8,62049.04,23686.82
100015,24,18,742704.05,7200.68,0.58,2,3019.35,2797.83,6.9,13,0,57.48,4902.04,322105.57,48800.28
100016,16,30,306914.09,3243.87,10.97,2,720.31,740.94,9.1,7,0,65.53,5354.8,30215.12,46532.98
100017,4,18,938052,10753.79,11.77,6,1454.75,1514.31,17.1,21,0,38.74,4107.3,54751.88,46545.49
100018,26,18,301187.12,4023.2,30.45,2,1634.47,1685.36,95.8,10,0,57.71,2696.91,118608.23,26170.62
100019,14,49,435651.33,2075.35,61.11,3,440.95,444.43,119.1,14,0,18.69,316.95,54263.49,2774.57
100020,16,44,420673.55,5949.51,79.64,4,942.86,924.52,5.5,0,0,55.05,1223.47,32376.69,12975.71
100021,12,26,1355203.91,4929.58,29.43,2,1331.05,1347.9,6.4,18,0,66.07,750.61,171150.25,10586.9
100022,6,18,746050.39,9766.38,30.57,4,2287.04,2339.09,70.7,17,0,73.36,2592.34,84372.06,30634.33
100023,28,18,538926.33,2279.8,9.54,4,378.19,388.15,20,21,0,39.15,2680.45,107681.41,26789.43
100024,24,28,825385.74,4627.38,50.32,2,1422.37,1644.87,1.9,13,0,61.59,2943.08,74298.72,27522.27
100025,20,61,172829.19,585.31,0,2,202.23,191.06,12.9,6,0,23.72,265.64,44347.37,3083.78
100026,13,39,596297.09,5085.76,0,3,1719.76,2052.64,1.3,12,0,70.71,309.12,87595.95,10183.85
100027,25,28,,14676.74,70.76,4,3626.56,3353.08,35.1,14,0,61.73,5023.28,64838.29,48168.3
100028,17,39,662504.32,3493.6,51.06,4,522.8,534.9,3.7,18,0,54.75,1169.48,148169.04,10416.67
100029,14,18,637380.67,5479.86,8.82,2,2386.42,2215.34,37.6,5,1,,169.13,128770.26,9938.15
100030,14,31,850220.9,6826.52,30.8,3,2177.34,2217.35,53.4,22,0,64.13,558.01,57157.43,10590.5
100031,7,35,1047312.16,12872.12,19.36,2,5132.45,5434.9,31.9,13,0,74.54,2217.04,154397.77,27602.16
100032,3,33,184590.37,2539.3,10.02,7,321.7,322.33,28.3,19,0,72.56,1042.48,35074.36,10898.7
100033,17,43,223011.49,2442.5,11.7,5,266.99,282.57,9.1,2,0,28.75,2621.69,73579.83,25086.89
100034,27,38,694223.49,3322.21,0.97,3,971.08,946.4,26.2,17,0,34.89,3738.91,32922.73,32224.51
100035,2,41,,2702.34,20.96,3,685.5,601.19,20.7,8,0,60.87,5802.19,57696.67,51146.65
100036,26,26,1344576.44,18810.59,22.29,2,5316,5515.89,32.8,2,0,,482.18,246367.32,22999.26
100037,25,44,506495.04,2213.84,19.16,2,448.64,449.46,0.2,6,0,83.86,6677.79,28132.82,57385.22
100038,9,52,191694.07,1549.74,0,3,304.07,295.32,18.5,16,0,80.6,846.16,62112.19,9411.81
100039,19,23,285948.24,4098.65,59.13,4,889.04,867.14,1.5,19,0,21.11,1121.29,114533.26,11783.6
100040,5,24,117544.1,1696.47,29.69,4,234.06,239.77,16.5,9,0,98.56,299.77,56693.09,5956.53
100041,23,49,531734.26,4324.37,47.17,3,1215.51,1156.11,9.5,8,0,41.53,5722.2,75577.88,49325.07
100042,22,32,546529.72,6078.58,0,0,7633.11,7804.96,9.3,2,0,70.89,2233.15,188029.26,23812.35
100043,11,49,474348.15,4109.51,29.35,3,877.94,940.55,22.5,19,0,38.02,332.14,84969.31,7475.44
100044,3,29,1169049.84,14174.23,50.94,3,2358.55,2650.08,9.8,19,0,40.63,339.31,72483.91,8505.71
100045,30,50,1256054.92,4650.49,10.42,2,1103.34,1196.32,28.8,12,0,22.91,473.26,62253.87,9547.81
100046,14,35,552462.81,2771.14,0,2,818.71,826.66,22.2,10,0,29.36,1209.27,137123.11,13391
100047,27,37,170000.77,1785.46,10.71,5,372.19,377.95,2.4,27,0,79.04,439.81,95620.41,6897.83
100048,21,51,886240.29,5360.77,10.87,3,1484.16,1448.52,19.1,22,1,81.91,1639.16,102119.94,15554.98
100049,24,30,853918.12,9483.06,19.08,4,2454.8,2386.22,1.7,21,0,75.24,3006.35,82711.96,32301.18
100050,23,24,736754.05,5475.28,9.41,6,1091.57,1148.68,18.4,19,0,36.52,6953.22,85522.41,61198.93
100051,6,29,1102689,15082.52,7.33,2,3831.23,3760.54,21.4,6,0,32.16,1773.88,55522.33,30257.44
100052,11,39,304211.24,3922.63,28.69,4,906.8,926.72,40.7,26,0,35.88,2684.69,39899.78,24551.54
100053,15,18,2042382.72,18553.34,0,4,3611.27,3402.72,9.6,20,0,40.19,7983.92,133694.61,90445.04
100054,15,41,344110.39,4250.82,10.09,3,1057.16,1144.08,9.6,11,0,77.63,2849.96,102010.74,28777.94
100055,2,28,959251.15,6233.78,28.87,1,2681.98,2630.09,30.1,2,0,65.15,163.61,27684.53,5976.44
100056,17,47,222340.63,2024.41,0,4,353.87,376.97,23.4,16,0,60.92,4574.34,54332.51,39663.83
100057,5,18,350184.57,1975.34,8.53,4,450.78,431.75,45.1,9,0,64.43,1664.18,56331.34,15262.32
100058,23,25,1519961.61,20333.04,0.21,3,5574.52,5321.42,15.4,12,0,82.58,5699.6,61016.86,68799.63
100059,21,18,523260.42,6770.37,0.51,4,1157.47,1249.7,6.2,17,0,58.71,296.02,207693.47,12551.88
100060,28,25,1012899.95,14038.02,20.48,2,3251.51,3129.38,5.7,14,0,90.29,1264.05,550094.32,25950.38
100061,23,37,705419.32,9574.46,0.01,4,2034.75,1843.33,7.9,20,1,61.15,2670.42,15745.21,34664.14
100062,11,32,574582.84,8348.56,8.15,4,1989.49,1865.35,45,13,0,70.61,657.77,68865.63,17313.46
100063,30,31,1387042.92,8319.53,79.26,2,2903.23,3052.47,29.6,6,2,62.8,1504.77,70330.4,17431.27
100064,13,32,530926.65,7542.79,59.51,2,1515.9,1585.08,9.5,14,0,30.44,416.41,91472.97,6633.39
100065,10,36,210224.56,2102.63,0,3,434.12,414.26,40.4,9,0,41.65,1065.52,130545.58,12225.65
100066,28,23,377917.2,3123.73,10.09,3,954.97,918.78,4.2,5,2,93.54,3217.03,88108.36,28411.84
100067,12,42,851785.05,8408.86,21.71,2,3346.83,3481.98,57.9,6,1,37.96,1954.06,69879.35,22757.7
100068,3,41,775823.18,5687.78,50.97,4,692.01,746.64,2.4,24,0,32.04,569.16,97721.31,8157.9
100069,15,38,238981.04,1603.33,48.81,3,391.31,389.69,47.7,7,0,30.07,1793.22,119574.64,15587
100070,24,40,396237.45,2438,0.81,3,578.94,598.19,6.3,14,0,78.04,-1046.32,87872.03,9825.87
100071,6,37,431637.61,1854.56,0.77,4,416.1,437.9,30.1,20,0,53.36,,65713.25,18716.33
100072,14,56,491438.8,4486.48,19.03,1,1570.23,1773.07,2.2,8,1,22.05,1006.17,70277.16,12217.7
100073,4,33,268022.52,3670.06,51.02,5,671.09,624.55,8.6,15,1,55.17,1540.85,458133.06,14084.01
100074,21,31,419723.64,4485.34,49.81,3,1522.25,1461.17,4.3,9,0,71.09,6537.75,125136.4,57364.92
100075,15,26,,3721.26,0,3,834.87,809.5,51.4,7,0,49.78,5314.55,135297.86,49667.1
100076,10,23,972178.21,8102.15,20.55,3,1761.99,1849.47,4.8,13,1,66.87,138.4,69496.56,8576.78
100077,7,20,994352.69,8703.5,0.26,2,1806.32,1779.02,10.5,7,1,81.15,2664.62,107721.7,32160.68
100078,17,24,560670.22,3238.69,29.73,1,1045.96,1065.56,1.9,4,0,37.09,4154.39,99443.42,38009.4
100079,21,33,483666.34,6256.75,59.96,2,2805.65,2826.16,16.6,11,0,53.19,2496.36,32025.31,24168.63
100080,29,38,665523.37,3759.96,19.14,1,2595.13,2595.4,107.3,5,0,45.22,1165.82,41154.86,12797.74
100081,14,35,374905.54,4385.44,0.73,3,662.76,667.04,8.3,17,2,39.1,,64163.18,10215.14
100082,5,26,307513.79,3752.27,19.95,2,1651.68,1753.74,100.6,14,0,86.97,1362.86,52424.81,15071.94
100083,25,44,348098.83,3496.38,20.2,1,1292.21,1216.95,20.7,8,0,56.43,5791.59,35781.74,51563.62
100084,19,42,418104.45,5603.98,50.43,1,2939.53,2913.35,9.1,4,0,21.17,447.75,86568.66,5730.49
100085,22,32,304458.53,2049.21,8.61,2,780.41,723.51,28.3,16,0,39.35,949.47,184432.4,9399.55
100086,3,27,674421.24,9185.76,48.93,2,2716.68,2753.61,1,6,0,25.37,,103841.66,38100.51
100087,10,40,948089.19,11230.31,7.35,3,2872.69,2838.99,32,25,2,49.27,1675.65,46395.22,24680.34
100088,24,36,236124.73,2989.76,0.68,2,1098.27,1168.73,17.6,12,0,77.24,6232.4,35889.92,54268.62
100089,25,18,621226.9,6888.81,8.55,3,1300.51,1300.13,12.2,17,0,,42555.58,54223.29,344668.07
100090,14,33,536280.69,7083.38,0.16,2,3294.73,3206.99,27.4,5,0,28.84,382,42655.3,11272.06
100091,25,37,751089.17,11207.13,10.45,3,2138.06,2106.41,8.9,7,1,53.62,986.32,81615.19,23302.77
100092,26,24,607198.59,5001.94,30.72,3,760.63,839.29,26.7,6,0,37.61,,174640.78,8701.87
100093,12,36,255816.3,3283.29,0,2,1483.42,1343.68,44.8,11,0,68.08,4174.47,61441.66,39174.92
100094,27,18,286914.88,3450.21,0,2,1084.86,1044.02,4.1,7,0,66.28,7498.58,68379.48,65246.73
100095,9,49,622829.82,5368,2,1,2466.32,2471.64,10.5,9,0,63.41,10661.08,78498.72,91632.16
100096,8,48,1134432.41,16050.61,2.06,2,4390.04,4222.4,32.4,14,0,63.65,1712.58,45169.74,33461
100097,21,31,162082.71,1286.85,51.18,4,159.74,164.44,2.5,19,0,56.09,2729.86,113006.12,23010.69
100098,20,38,752992.39,7477.93,60.4,4,1213.9,1209.78,5.7,21,0,71.63,440.03,45121.65,9094.45
100099,5,18,1249367.09,5709.94,0,3,1305.64,1325.69,10.7,5,0,31.88,121.58,46275.55,7952.73
100100,25,21,558248.19,3332.36,30.86,2,1128.85,1136.83,6.4,11,0,82.47,2795.72,25732.8,26218.53
100101,6,31,851279.63,11188.36,29.81,2,3603.08,3580.81,13.3,11,0,31.67,933.1,61000.02,18530.35
100102,25,22,401327.47,3194.99,80,2,1387.93,1280.44,30.4,6,0,46.26,5169.62,128965.75,41212.25
100103,1,42,569637.08,4519.15,9.24,3,1501.56,1517.42,34.4,16,0,25.28,185.51,92073.46,7291.8
100104,24,56,231382.24,1438.05,9.79,5,204.62,182.97,71.3,21,0,56.68,809.98,163072.48,9108
100105,24,21,149906.71,1360.5,20.2,3,465.17,446.42,9.4,6,0,13.33,2004.83,44446.65,18229.28
100106,24,25,1077370.52,13720.77,50.3,5,2954.42,3041.14,5.9,21,0,60.65,2202.9,110994.92,30649
100107,20,37,338871.92,4669.76,30.59,3,1566.83,1678.67,4.5,18,0,60.4,800.1,34666.23,10427.2
100108,15,52,465588.62,1935.55,19.3,2,751.68,857.64,10.7,7,0,33.48,16856.97,131046.99,135676.29
100109,22,21,266334.71,2674.48,8.39,2,676.3,658.92,12.2,12,2,61.17,6720.65,213872.53,56670.92
100110,9,37,262601.41,2308.01,31.95,3,436.32,413.67,45.1,10,0,37.78,745.22,136932.43,8672.93
100111,24,54,551320.63,5789.51,52.99,2,2560.74,2640.99,11.4,6,1,67.95,6706.78,180564.08,58258.74
100112,17,18,394994.9,3378.57,10.54,2,1132.54,1259.61,3.1,10,0,35.25,7952.48,62264.09,66835.03
100113,14,20,767702.1,6130.44,28.41,0,8045.44,8785.33,6.8,6,0,43.9,532.06,92017.32,9265.23
100114,16,29,,7097.84,19.07,5,1391.69,1305.26,0.3,21,16,,411.96,35907.74,6009.45
100115,18,28,741836.57,7512.29,20.61,3,1446.13,1433.94,30.3,15,0,61.9,1254.23,90294,15905.72
100116,2,43,706116.08,6482.07,21.61,4,1176.89,1236.94,5.6,10,16,42.7,686.77,113439.06,7822.63
100117,5,37,1577000.8,13944.16,28.54,2,6387.64,6740.12,0.3,12,0,41.63,710.34,76345.96,16593.46
100118,8,18,322487.03,4155.38,69.85,5,426.39,441.53,5.3,23,0,77.21,5803.81,49586.61,52981.59
100119,4,40,592089.76,7125.15,20.24,6,1192.62,1160.5,17.4,11,0,31.56,5837.36,304872.87,52535
100120,14,28,1207410.26,8834.26,11.04,2,4072.66,4215.12,9.8,6,0,82.39,361.22,122684.72,13367.99
100121,21,48,1306808.33,16562.11,9.59,1,5658.59,5974.12,20.8,5,0,57.79,764.6,91663.49,18464.5
100122,20,27,260749.71,3468.03,0,2,945.15,892.29,12.4,11,0,36.81,422.05,33658.43,7531.93
100123,15,27,507352.44,2601.32,10.75,1,1349.58,1457.29,9.4,4,0,88.94,2709.28,27429.78,24796.07
100124,26,40,1382283.1,14007.63,1.35,1,8929.95,9461.44,17.5,5,2,68.44,1587.51,54248.68,28235.46
100125,17,42,830033.98,5530.16,19.9,3,1389.74,1327.87,33.7,12,0,65.28,750.83,38910.45,13461.11
100126,3,39,687991.85,8228.38,0.49,1,2664.66,2812.54,2.3,6,1,35.15,2001.53,58161.99,24805.2
100127,23,18,537005.51,3287.05,9.43,2,768.89,806.4,9,19,0,87.54,7010.62,53401.87,62593.41
100128,18,40,486063.18,5429.04,48.99,1,2445.12,2569.99,4.4,2,0,32.13,1492.91,81007.16,15663.91
100129,20,23,727453.89,4590.51,11.23,4,787.76,862.25,41.5,18,1,93.73,2102.01,45048.6,23992.32
100130,17,37,525943.98,4891.59,20.46,1,1897.31,1896.12,9.2,3,0,71.35,3478.24,332069.62,33015.32
100131,17,18,596495.68,8591.53,60.59,1,5464.65,5573.35,19.5,5,11,60.15,459.98,41844.58,7171.91
100132,3,39,641480.25,4992.92,21.8,3,775.78,652.96,7.5,18,0,61,335.13,198363.57,7095.24
100133,17,25,407392.16,5521.65,0,3,1744.12,1860.88,4,16,0,68.74,1324.37,80889.43,16826.91
100134,24,20,842098.34,12503.89,9.34,1,8361,8872.49,3.8,13,0,43.5,2170.65,44902.03,31694.23
100135,10,42,3516304.86,47611.25,20.19,2,17522.35,18948,16,9,0,62.3,5554.83,134089.07,87754.47
100136,19,37,210698.29,1110.84,19.32,1,611.12,576.77,6.3,7,0,32.39,1696.59,64257.45,14564.93
100137,1,27,743245.71,9585.3,0.94,5,1148.98,1215.3,15,12,0,70.88,4673.6,37115.05,47649.02
100138,11,50,387805.96,1439.67,19.78,5,253.06,268.53,24.4,7,0,91.3,1040.54,167905.18,10225.45
100139,14,29,865286.54,6856.47,18.81,4,1234.36,1186.15,11.6,18,0,68.66,366.66,26731.42,7987.07
100140,30,34,,8490.68,10.08,1,3325.12,3535.79,6.7,8,0,44.93,1292.18,58237.42,17798.06
100141,7,37,966549.04,10989.66,20.2,3,2930.57,3011.99,17.6,16,0,43.87,1182.63,107753.89,21695.58
100142,9,27,15436577.08,147399.16,1.12,3,22144.97,19888.82,6.2,6,0,20.35,3916.84,236340.19,183092.75
100143,13,39,686819.72,5398.48,10.47,1,2216.43,2294.16,32,4,0,35.33,55.77,80260.6,4352.54
100144,30,28,1206948.49,15461.89,50.55,4,3478.41,3318.29,5.5,13,0,87.49,1081.37,332973.06,19200.39
100145,26,29,149910.8,1741.33,10.38,1,839.35,754.95,19.8,8,1,79.52,1961.49,122283.64,19616.18
100146,2,49,1589048.28,13982.22,19.77,2,3339.48,3412.92,28.3,17,0,45.96,926.5,23314.74,22012.51
100147,8,23,766363.39,10535.12,19.14,1,3166.09,3153.68,131.4,4,1,33.43,4649.33,27549.78,50134.28
100148,25,18,1168323.61,7031.43,10.35,2,1913.37,2074.53,13.2,9,1,81.19,20940.66,78374.73,173688.18
100149,2,52,294327.69,1567.2,59.6,2,542.9,548.82,42.2,13,0,57.25,1319.29,48576.59,13550.78
100150,26,62,371726.08,4027.42,12.03,3,1034.68,1083.01,8,12,0,32.27,,107723.93,22174.7
100151,9,30,667929.18,9802.53,11.61,1,3454.69,3560.16,0.3,10,0,40.17,12170.85,77340.74,105540.02
100152,28,18,605707.04,3767.64,60.76,1,2055.17,2181.06,0.6,2,0,50.62,2374.24,39294.26,22637.81
100153,9,31,725209.32,4531.19,30.45,2,2113.26,2000.86,13.2,3,0,75.12,1321.23,56923.32,16594.02
100154,14,31,1173009.88,5820.89,29.89,4,1243.22,1258.03,15.8,12,1,46.75,1340.07,166278.43,16128.51
100155,20,32,212191.04,2838.4,0,3,725.29,719.16,11.8,7,1,25.26,2424.13,19956.87,23017.22
100156,4,22,0,6558.88,0,3,1800.59,1871.21,6.8,19,0,86.75,3802.68,158038.52,39763.71
100157,17,40,614979.12,5661.02,30.12,2,2460.16,2497.92,19.1,6,0,48.13,1053.42,169923.12,15752.55
100158,16,40,541503.78,8065.41,0.28,3,2735.79,2634.99,3.3,8,0,53.64,1855.14,50984.36,24053.48
100159,24,18,253141.86,880.53,10.56,3,139.31,136.48,49.4,19,0,35.94,1235.03,28683.82,9404.48
100160,30,42,827532.49,8132.99,31.11,3,1553.39,1707.04,4.7,15,0,41.78,4981.84,94157.69,47291.88
100161,20,57,143761.33,1339.54,9.17,3,231.94,208.37,51,21,1,59.99,1057.87,50175.65,10841.8
100162,13,36,902939.52,11516.19,0,1,7012.69,7311.16,25.3,9,0,69.6,3492.28,41069.54,41423.2
100163,13,30,249973.69,1869.83,1.74,3,297.51,319.67,14.8,11,0,29.23,314.16,320480.55,1402.55
100164,13,32,631876.47,5133.52,20.93,4,1357.41,1404.56,0.8,11,0,63.69,313.61,59960.71,7733.77
100165,25,41,569704.54,3016.17,19.53,2,619.77,693.06,24,6,1,71.34,6251.46,28107.9,51902.01
100166,10,18,,14784.14,49.87,1,7998.49,8448.9,22.3,8,2,59.99,588.16,111831.04,12725.3
100167,6,36,549729.35,6866.03,0,2,1877.77,1921.05,1.6,9,0,66.73,2927.35,56340.45,32977
100168,11,30,403483.68,1988.73,0.04,3,485.48,471.88,62,13,0,,7919.38,139941.78,64861.13
100169,1,54,451537.11,3579.85,20.57,3,853.35,873.97,11.5,5,0,53.53,202.35,47937.08,2809.36
100170,4,32,1313366.32,18060.33,13.04,3,5414.1,5635.54,0.3,8,0,32.32,5655.14,67606.23,63157
100171,3,52,844206.69,2842.65,20.23,3,708.75,708.9,17,12,0,88.49,2645.74,117414.57,27427.57
100172,24,22,485530.05,3311.78,60.8,3,775.76,741.19,23.6,20,0,80.77,1539.31,75091.66,12552.63
100173,22,40,8754909.19,85877.41,17.98,2,33899.3,31449.96,41,13,0,36.09,710.55,91550.48,90740.62
100174,21,38,238964,1729.1,19.42,4,463.62,468.78,32.3,6,0,60.3,1389.09,118731.81,15729.4
100175,14,24,772555.38,5028.68,80,3,1552.78,1414.86,22.9,15,1,36.88,279.66,110088.58,3989.05
100176,22,36,212880.24,1853.57,0.48,2,734.86,714.07,7.7,4,2,,1741.78,62114.41,18977.47
100177,5,47,960733.5,5238.41,54.73,2,1728.99,1476.72,0.2,14,0,42.02,904.89,123873.47,9894.47
100178,28,30,661025.31,6289.05,20.81,3,2075.66,2179.4,7,10,2,63.64,1041.71,64894.04,16099.31
100179,16,18,2562632.3,29671.34,22.3,7,3668.31,3922.31,9.5,15,0,76.81,601.6,100783.35,39801.07
100180,29,34,316251.52,3179.36,57.6,1,2136.89,2147.02,9.7,9,0,54.34,6998.76,145473.77,58649.89
100181,5,24,575374.95,2543.56,21.82,1,1579.98,1753.6,25.1,11,0,73.08,1559.14,50055.36,14222.27
100182,15,30,1800089.73,23734.76,16.67,3,4273.49,4618.97,86.7,12,0,72.52,-10521.84,362379.09,109451.25
100183,21,33,1250692.85,6723.15,11.13,5,714.44,735.01,5.7,21,0,50.55,7285.9,65767.69,63436.66
100184,15,18,402982.02,4940.21,29.99,2,1964.04,1950.7,153.9,2,0,69.04,1851.84,56079.36,21969.42
100185,14,18,699943.51,5278.32,17.18,5,1010.51,989.33,47.3,18,0,,761.76,137897.41,13817.38
100186,5,39,612665.3,7638.37,0.54,3,2065.55,2135.26,2.7,15,0,34.14,791.87,97963.16,14956.17
100187,12,28,724725.3,4160.72,31.38,5,957.65,949.54,44.5,21,0,76.04,408.99,90624.06,8005.13
100188,8,18,402385.63,2218.02,30.44,3,574.65,593.55,8.3,14,0,72.79,2438.32,107679.03,23641.12
100189,10,43,579999.32,5297.53,10.7,3,1163.23,1206.67,25.8,17,0,53.42,631.04,109676.67,11625.57
100190,21,37,234577.9,872.63,0,3,229.5,226.34,22,14,1,25.79,2720.65,348326.95,22389.86
100191,19,26,663609.08,3956.72,17.77,3,615.99,656.49,51.1,21,0,53.89,394.46,81670.18,9016.6
100192,19,20,801617.51,9444.23,0.83,3,2510.78,2476.34,34.6,11,1,67.63,1866.29,50497.71,28571.63
100193,11,43,533878.09,6996.56,2.1,2,3083.02,3086.97,15.1,1,0,58.44,478.11,41202.04,13106.49
100194,29,38,232197.58,994.13,21.36,3,149.98,141.18,12.3,14,0,80.38,3098.78,83942.59,26503.43
100195,3,60,1107364.66,15088.32,0,1,9628.18,9471.85,7.6,10,0,,623.96,128527.78,24139.74
100196,11,39,761533.52,9624.41,8.18,2,3983.04,4498.81,13.5,9,1,76.16,1264.82,64935.8,20336.67
100197,4,38,395840.01,5336.29,28.98,4,730.95,691.46,22.5,7,0,22.7,10853.57,50702.33,92775.75
100198,11,32,517111.7,5939.96,8.09,1,3794.04,3893.69,4.6,6,0,,1471.57,111575.59,17109.76
100199,29,43,248692.58,2785.56,80,2,1124.28,1093.63,2.5,7,1,28.56,1866.93,202255.74,15807.09
100200,11,41,330753.4,3130.08,60.47,7,388.46,336.86,16.3,20,1,63.76,1643.77,58384.39,17598.2
100201,28,48,443160.66,4852.95,18.28,1,1931.89,1996.68,55.5,9,0,41.94,2610.26,238664.11,26345.52
100202,15,28,1278792.64,17976.1,70.93,3,3732.2,3607.66,10.6,5,0,31.74,8026.95,143991.52,73186.21
100203,21,29,,1879.44,50.72,1,1024.13,1043.73,13.3,7,0,35.55,3732.47,381804.49,32253.76
100204,14,29,898518.56,6306.44,9.34,2,1675.5,1775,2.8,5,0,51.26,390.82,132436.32,10275.79
100205,8,43,443026.44,1852.31,29.79,3,398.38,403.99,7.5,14,0,55.1,5255.46,71533.51,44966.18
100206,23,50,710087.15,10194.84,0,2,4569.57,4659.58,30.2,7,0,66.78,2573.97,114122.19,34419.95
100207,30,29,562157.39,4794.72,29.6,3,1418.59,1344.72,53.2,8,0,63.05,872.15,52003,9762.46
100208,8,29,,11586.16,20.01,7,1721.79,1794.81,12.9,11,0,44.88,1577.91,84139.37,23643.79
100209,24,37,443959.07,5837,0.2,1,3983.02,3937.69,1.2,3,1,39.15,4042.12,148032.03,38682.86
100210,8,31,238197.99,3549.19,10.45,3,536.49,472.16,3.7,12,0,58.42,617.54,107760.42,8561.84
100211,22,44,267053.7,1397.91,70.29,4,222.43,233.47,1.5,15,0,79.66,,78280.09,28795.92
100212,24,18,444741.26,5632.8,9.68,3,1586.17,1693.99,16.8,18,0,76.75,1499.87,75132.12,17899.2
100213,14,25,289218.71,3959.84,0.34,3,941.07,1024.7,73.4,5,0,35.97,402.58,157137.55,9445.25
100214,23,25,782697.57,3056.24,1.2,3,527.39,596.08,10.5,11,0,29.29,15771.29,106324.63,130573.62
100215,9,18,462736.73,5613.86,19.89,3,1719.23,1799.02,20.7,13,0,59.42,669.93,159253.51,11538.77
100216,3,23,2543720.63,19006.67,50.38,2,4039.92,4164.5,1.1,8,0,59.1,6955.18,117711.52,68239.14
100217,3,24,215721.97,2353.31,29.78,2,811.96,865.13,10.6,21,0,19.1,758.36,58548.02,7102.72
100218,14,32,691455.7,6452.34,19.22,5,1129.13,1069.04,13,21,0,48.5,680.7,66915.04,13330.54
100219,28,46,,1979.9,0.63,4,439.05,395.01,10.1,18,2,44.39,6628.71,106207.45,56386.73
100220,4,31,455127.85,2236.01,0,6,272.31,264.52,0.7,22,0,69.02,4613.45,139010.52,40526.1
100221,14,23,666120.68,3129.83,20.46,2,645.66,695.14,26.7,11,0,78.49,1734.1,151969.1,17955.62
100222,22,33,151622.87,688.72,50.03,3,225.76,216.8,70.5,14,0,,282.19,53182.95,4358.33
100223,7,46,705364.61,7600.72,29.64,3,2552.63,2623.94,20.9,16,0,61.63,1656.83,87803.95,20499.6
100224,22,23,1916706.54,14247.76,19.61,2,4680.82,4841.83,15.7,14,0,39.45,2339.01,39421.08,35105.99
100225,10,24,,2732.79,19.39,3,421.2,427.37,6.8,16,1,45.93,4305.22,40898.83,38070.77
100226,25,40,715158.28,8157.28,18.03,1,4342.52,4009.63,32,5,3,79.89,5792.15,71395.07,56412.85
100227,18,32,1131808.63,12843.44,20.46,6,1564.6,1596.77,20.9,39,1,48.74,2412.35,199754.86,33873.47
100228,17,41,554599.97,5338.15,20.28,4,796.44,776.29,37.5,9,0,36.03,4231.07,94680.34,38519.34
100229,6,34,431834.78,6150.74,31.02,2,1507.26,1661.26,33.5,3,0,27.16,4041.64,184380.67,36529.03
100230,14,42,156206.26,1224.4,19.36,1,455.11,486.16,31.7,5,0,55.32,86.44,90382.72,1865.22
100231,26,23,898937.58,11763.58,62.27,1,5085.82,4967.95,4,7,0,42.12,2555.63,79012.19,28209.31
100232,1,34,571759.32,2407.94,19.54,1,992.67,1097.84,48.9,8,0,80.53,474.59,33234.79,8276.43
100233,23,32,333288.63,3988.95,0,0,5062.53,5166.94,9.3,2,0,19.75,7786.78,55895.43,65347.82
100234,15,21,660222.7,9815.74,8.81,3,2444.74,2199.53,6.2,10,0,36.22,3695.29,41931.52,46092.3
100235,22,18,431130.56,5696.29,17.92,0,5366.58,5341.36,47.3,5,0,55.39,1707.9,31552.9,18080.5
100236,20,42,445663.19,4500.49,21.84,2,1075.12,1180.6,259.4,5,0,23.01,308.58,33234.44,7403.43
100237,13,30,880415.42,9373.22,21.65,3,3047.97,2898.04,9.5,10,0,35.72,117.83,107286.46,10400.46
100238,10,23,274126.51,2044.27,30.72,4,263.24,262.17,34,12,0,42.67,659.95,60578.19,7730.71
100239,19,33,1147118.41,12918.77,8.92,3,2556.7,2348.1,2.7,11,0,61.05,3365.83,62470.88,38048.06
100240,5,46,264543.97,3260.76,32.17,4,715.53,663.96,42.9,16,0,24.34,315.73,96117.98,7210.51
100241,18,18,,6160.24,29.58,3,1789.32,1699.76,4.5,18,0,39.82,594.47,34915.05,9534.36
100242,3,18,1939890.66,17612.89,19.68,4,4371.26,4049.34,28.8,19,0,62.3,1295.14,100805.78,28197.88
100243,20,24,,4873.65,21.72,2,1507.96,1452.02,18,5,0,68.38,331.21,111741.78,6752.49
100244,19,50,648837.02,6674.7,0.79,5,976.05,1077.85,4,14,0,49.42,981.49,147726.1,18327.47
100245,3,37,348034.3,1644.98,22.64,2,455.57,454.59,16.6,9,0,81.27,956.97,130910.55,11878
100246,23,42,445436.98,2758.34,50.3,2,969.53,1015.23,18.6,6,0,56.57,7572.66,66720.99,60479.08
100247,13,21,639434.61,4585.11,59.52,2,1343.3,1431.28,29.3,13,0,37.57,262.84,70112.01,6852.69
100248,24,22,625864.01,7425.99,19.27,2,2134.91,1992.93,68.9,22,0,52.66,1788.72,63407.59,19174.92
100249,2,39,579459.99,3175.25,7.78,4,389.61,370.17,26.2,10,0,37.84,1757.19,260223.12,17921.7
100250,6,35,600714.43,3165.39,29.67,5,716.78,749.71,2.5,20,0,47.42,837.99,69128.08,9234.37
100251,15,40,,2076.98,31.37,3,336.72,323.9,15,14,2,66.75,3809.56,80308.2,33875.97
100252,6,32,257606.17,3484.25,10.72,2,948.52,988.34,7.3,9,0,24.87,1382.94,82297.18,15446.54
100253,10,37,448860.76,5128.57,50.02,3,1714.4,1886.94,46,17,0,35.14,1818.61,97105.04,19813.19
100254,20,36,1059331.79,4026.2,0,3,1196.06,1091.62,6.6,13,0,73.05,1600.71,76924.25,18308.6
100255,5,43,269244.15,990.46,0.27,3,263.09,257.46,40.3,8,0,17.7,990.51,64820.62,9055.05
100256,21,43,546145.74,5381.01,1.22,4,1214.66,1200.21,8,14,0,18.05,4003.11,78628.46,37171.55
100257,4,18,374191.17,2481.75,0.52,4,336.35,325.73,6.6,16,1,36.55,8023.48,153434.55,65830.58
100258,6,18,654210.67,6735.98,50.2,3,2099.8,2023.21,28.3,8,0,73.67,5966.62,18208.92,54540.83
100259,18,45,484655.95,4073.69,19.04,4,651.86,632.61,34.7,20,0,78.68,1886.96,117843.58,21018.24
100260,24,47,1484829.71,20946.13,11.04,3,7147.72,7141.18,8.7,11,0,38.88,4243.29,50046.22,57258.43
100261,6,23,829289.3,5549.57,16.24,3,1089.24,1100.02,18.3,17,0,45.87,3727.43,18708.8,36152.6
100262,9,18,278533.2,3136.14,10.46,4,690.13,729.61,5.8,6,0,77.2,307.67,56582.12,5340.36
100263,28,35,915395.29,3629.04,13.08,5,626.77,625.83,36.6,19,1,71.11,810.53,78812.1,11634.53
100264,30,44,384455.5,5569.53,0,4,795.87,849.26,21.7,11,0,65.96,1406.79,71689.19,18005.53
100265,18,54,432863.03,6396.19,29.71,2,1898.27,1830.86,9.7,15,0,51.03,1213.7,137854.63,17196.2
100266,14,40,738713.81,8833.32,0,2,3607.04,3347.04,34.9,16,0,79.45,820.75,161956.28,18988.75
100267,11,30,455579.72,3995.26,29.44,3,769.16,755.09,38.1,5,0,73.28,950.74,22680.02,12753.02
100268,19,24,,6169.7,1.24,4,1690.85,1737.77,3,7,1,60.72,9756.15,105755.13,85221.81
100269,18,34,384488.21,4926.76,30.57,2,1373.56,1444.47,19.3,13,0,82.15,1197.17,136909.96,17397.57
100270,9,31,422103.79,5034.77,50.18,1,2772.59,3015.51,18.6,13,1,70.93,1370.12,115793.95,18641.25
100271,1,23,412731.24,2445.21,0.96,3,669.43,681.09,5.6,16,1,41.34,551.52,81423.7,8333.64
100272,5,57,435822.88,3748.89,0.02,3,915.31,956.67,23,6,0,78.61,470.51,23573.93,10969.1
100273,29,54,1183384.82,10334.95,63.82,2,3873.15,4191.24,8.8,5,0,76.02,1508.11,34925.23,20164.64
100274,13,46,892384.37,11579.22,20.18,3,3458.89,3297.17,38.7,15,0,71.52,691.48,231357.85,16198.76
100275,15,24,1707158.45,19311.46,30.23,1,10574.98,10441.65,26.3,9,0,,31055.5,72397.79,265216.58
100276,15,43,2385599.4,25854.08,0,1,13547.48,15799.82,45,9,0,91.8,13926.51,325012.34,138022.15
100277,24,41,329701.91,3599.47,9.35,4,781.3,821.45,20.9,22,0,,1406.31,30936.77,17523.36
100278,2,39,638339.74,4142.84,21.38,4,763.58,786.98,37.8,19,0,76.95,1135.89,246589.45,14300.78
100279,3,48,,2318.32,48.4,2,507.48,534.69,2.6,14,0,66.99,1851.77,66563.12,17595.88
100280,9,41,,1484.22,7.41,1,540.08,496.79,6.5,13,0,47.51,7896.44,170361.1,65581.21
100281,15,42,419292.88,5248.37,30.04,3,1424.1,1368.83,12.2,8,0,29.78,5101.62,71720.12,46771.74
100282,21,41,324513.21,2721.44,31.64,3,912.87,857.42,0.4,14,0,64.26,556.47,108105.03,7572.76
100283,15,38,325540.48,2750.34,0.05,1,853.42,874.86,77.1,6,0,75.22,1000.12,122403.97,11461.9
100284,14,18,561183.84,3478.44,9.6,2,1200.33,1173.75,19.4,15,0,71.19,663.89,69027.4,7484.28
100285,29,35,294885.79,1704.6,7.77,3,341.62,343.58,44,13,0,60.3,1371.73,102309.48,15116.99
100286,5,28,1014240.51,10337.71,20.54,1,5424.16,5322.94,2.5,2,0,83.1,560.44,64079.84,14814.41
100287,18,20,352823.19,2134.29,30.79,1,1280.28,1155.34,11,10,0,40.43,1464.97,98398.64,16842.93
100288,17,52,3302254.03,13483.02,17.86,3,4005.68,4218.37,46.8,17,0,62.79,1965.39,18238.25,29124.6
100289,15,53,466747.53,5736.77,11.36,2,2256.29,2017.73,8.5,8,1,81.24,1657.39,69937.34,20743.02
100290,25,49,638952.27,4937.45,30.92,1,3019.59,2887.76,3.2,12,0,32.95,1816.41,145106.27,19315.02
100291,9,37,281297.96,2187.09,21.36,2,479.77,441.9,20.9,5,0,67.65,1676.61,154048.12,16950.36
100292,29,49,1703217.22,14249.5,20.7,2,4786.23,4533.59,14.6,9,0,62.85,674.06,107690.99,16943.21
100293,10,34,1197893.14,15384.37,20.78,3,3113.11,3150.82,4.1,14,0,31.37,944.52,97314.62,21738.88
100294,17,36,731259.72,5175.21,10.62,1,3459.67,3716.04,38.5,9,0,62.24,2632.79,243809.87,27667.3
100295,16,22,,3322.46,31.04,4,814.87,738.55,24.8,8,1,77.1,387.07,73952.74,6072.36
100296,26,38,694379.96,9927.25,7.82,1,3405.22,3291.38,90.7,8,0,75.13,454.22,52185.87,15293.66
100297,14,35,312236.38,3449.88,8.2,2,913.75,817.86,7.1,7,0,63.5,263.88,166600.71,6190.74
100298,9,20,1471492.29,12316.44,0,3,2968.8,2860.96,33.4,14,0,89.96,554.29,176623.04,21229.2
100299,1,33,994396.49,11990.61,19.84,3,4107.76,4125.48,42.1,12,0,,895.86,87878.59,21927.05
100300,11,33,647994.75,5622.9,20.47,3,966.77,1011.27,37.2,12,1,51.09,12170.02,45049.1,102293.25
100301,25,54,141853.35,1159.66,10.39,3,305.68,266.82,19.8,7,0,78.27,4821.02,80497.37,39103.28
100302,1,44,339193.11,3209.71,51.34,4,560.43,578.95,39.3,15,0,42.21,303.92,138961.43,4739.44
100303,27,34,924521.08,6509.91,51.38,6,1038.86,978.24,12.7,14,1,20.98,4646.91,87001.25,40874.91
100304,17,37,1266926.78,5764.38,0,2,2150.05,1993.16,11.3,10,1,44.32,822.43,36743.69,10846.92
100305,5,34,1190490.94,9730.82,30.29,2,2570.47,2580.88,7.2,13,0,50.88,1155.72,51541.94,18188.36
100306,10,32,235429.47,1126.91,8.98,3,346.14,359.17,27,18,0,56.62,957.51,62853.05,9965.37
100307,17,22,733296.82,5958.17,79.77,1,2004.95,1992.87,125.1,10,0,35.7,83848.63,56714.5,675552.42
100308,10,32,1125438.82,11064.61,10.39,2,4626.89,4323.42,19,8,0,72.59,586.17,26554.2,15393.4
100309,4,26,226244.85,3211.62,5.91,4,494.32,491.32,11,10,0,52.08,5222.05,262439.47,45787.53
100310,20,20,609035.44,2288.5,22.89,1,1226.25,1172.9,0.8,7,1,26.99,,39708.8,6701.31
100311,21,40,721205.86,7635.42,10.68,4,1340.55,1389.13,9.8,6,0,64.34,3421.04,62260.51,36961.68
100312,4,38,510893.13,4432.04,29.29,1,2410.64,2566.18,7.1,6,0,62.3,5128.17,26328.42,46313.58
100313,9,18,201405.86,719.74,22.31,1,292.91,310.69,38.7,2,0,74.11,4267.03,170769.74,37789.37
100314,8,33,503306.99,3145.16,9.58,5,553.11,552.46,19.3,9,0,75.48,3378.5,62407.49,29539.31
100315,20,45,5500752.38,25940.51,20.16,2,5244.81,5598.1,3.5,1,0,81.75,447.31,54423.57,28856.98
100316,22,46,559909.82,3283.95,49.42,3,738.53,693.29,22,4,0,60.39,22584.19,66690.8,185280.6
100317,22,45,436389.99,2853,51.98,4,719.59,796.57,18.4,16,0,29.67,2698.11,113471.36,23378.6
100318,29,34,469098.08,3760.84,19.87,3,912.39,856.19,0.8,23,0,60.38,1029.36,47433.35,14715.98
100319,24,25,597524.57,5680.18,10.18,5,946.14,830.89,2.2,21,0,64.81,1895.79,20199.51,22839.47
100320,10,22,797986.7,2669.76,1.44,2,976.47,1056.47,39.2,9,0,58.66,2869.97,43425.08,28570.35
100321,4,38,509771.77,2663.44,50.7,3,630.81,603.94,1.8,15,0,62.91,6713.73,37697.4,56624.79
100322,19,38,478583.08,2118.67,29.93,4,548.17,552.01,3.2,3,0,62.97,2500.49,99465.9,24965.73
100323,28,48,646796.42,6304.64,21.33,1,2908.52,2728.63,19.3,6,0,71.52,3945.72,140710.65,39188.86
100324,30,46,193266.41,1386.89,53.05,2,625.97,714.74,50.2,12,0,68.04,3716.56,162541.9,29883.93
100325,7,33,814716.54,7929.14,0.38,1,5160.09,5724.13,6.7,15,0,74.08,1150.78,36048.68,16687.21
100326,8,20,611724.07,3623.34,30.14,3,848.65,927.4,16.5,13,0,66.72,11803.23,95618.49,99790.68
100327,2,30,626679.53,2267.7,0.2,4,404.85,406.99,25.3,20,0,61.04,7219.22,66714.26,62346.27
100328,5,36,13992922.49,200322.21,1.57,1,114314.11,121040.57,8.3,2,0,70.3,2386.82,434297.12,256396.52
100329,17,32,189602.51,872.24,19.28,1,525.2,523.52,32.3,10,0,56.99,1685.95,204538.55,17362.78
100330,17,28,187226.45,902.26,9.67,4,135.1,144.2,37.6,13,0,74.83,1712.23,247586.8,15243.21
100331,12,37,721189.17,3637.93,58.16,3,721.07,703.31,18.5,10,0,64.57,1160.1,140484.13,12840.41
100332,10,28,609323.34,9007.96,8.58,3,1614.68,1768.21,69.7,17,1,39,1365.61,118521.17,20498.33
100333,25,27,677713.98,7143.81,49.38,2,2877.89,2798.31,3.3,1,0,41.15,404.81,53398.97,5970.77
100334,14,37,463748.75,4848.59,29.93,4,1136.05,1112.37,33,12,0,87.22,2357.83,69611.03,24232.62
100335,25,30,911627.42,13533.7,32.12,3,2541.77,2470.63,7.3,8,0,72.58,8360.23,42067.61,83034.41
100336,29,37,1070844.08,4675.24,60.64,2,1604.39,1622.91,44.5,13,0,68.88,373.63,91641.47,5374.86
100337,10,37,818119.61,12030.17,18.91,4,2914.65,2846.76,16.7,20,0,59.69,,240375.04,41771.95
100338,7,21,523282.83,2990.46,9.13,3,1014.98,1044.65,21.8,13,0,,2450.53,77612.01,21818.2
100339,29,29,172777.66,1832.83,1.65,3,340.37,330.54,2,17,0,64.76,1412.54,41014.65,13054.95
100340,20,50,970839.24,7995.27,11.35,3,1685.93,1765.92,23.5,8,0,23.93,,27584.21,17619.63
100341,9,21,1273668.21,9953.04,50.03,2,2915.15,3180.73,4.4,6,0,17.97,287.46,117598.2,8630.23
100342,19,18,900863.92,12791.17,19.47,4,2814.01,2827.1,38.1,16,0,70.3,1583.97,176299.57,26751.59
100343,16,18,360984.03,1833.35,11.35,4,260.02,294.63,22,23,0,58.18,424.79,134016.02,7610.5
100344,28,34,916805.92,13722.57,0,4,2071.4,2211.54,5.9,5,0,66.58,1777.49,184151.25,30765.05
100345,8,34,1025501.45,7955.22,20.47,1,4869.98,5494.77,16.9,8,0,67.14,517.05,84558.89,11841.7
100346,30,33,1559170.02,16999.55,32.73,5,2928.58,2917.82,35.8,18,0,67.33,2543.82,71205.18,34690.48
100347,29,47,361749.95,5291.64,10.25,3,963.49,867.44,14.4,12,0,82.82,4385.76,136549.87,40041.62
100348,6,18,534187.24,2140.48,29.07,3,487.36,466.71,50.1,13,0,52.26,3802.78,30146.97,33139.1
100349,5,38,958128.98,13511.22,30.49,3,2390.12,2303.48,14.3,9,0,92.41,944.43,57693.65,19523.19
100350,16,51,633376.62,6308.15,49.44,0,5615.21,5294.12,0.2,3,0,54.51,4447.93,173620.49,39979.67
100351,2,22,313006.08,3616.74,8.33,2,1109.33,963.17,24.4,17,0,74.96,534,50637.79,8351.17
100352,9,30,784768.64,3982.34,30.84,2,915.52,971.81,6.6,2,1,21.68,2767.45,99462.81,24462.36
100353,14,26,865940.46,8275.7,1.34,3,1340.39,1190.8,33.1,14,0,47.29,740.41,145665.64,17505
100354,30,24,645094.56,7222.14,9.63,2,3142.31,3317.44,10.2,2,0,55.32,10407.49,70885.9,93406.67
100355,30,30,698105.42,6043.86,29.55,3,1979.54,2239.13,54.4,12,1,61.71,2409.74,134437.98,25043.63
100356,5,50,523949.67,2694.56,28.85,1,811.15,773.27,7,9,0,79.92,1993.98,1025213.24,17645.17
100357,27,54,1485618.6,9185.21,0,1,5111.4,5230.26,29.7,12,0,51.39,3876.19,87111.69,39692.25
100358,3,30,356453.52,4742.42,49.33,4,640.17,624.86,27.6,18,1,57.73,342.97,221099.25,5775.41
100359,23,55,430189.89,1608.29,0,1,1003.67,1053.47,7,9,0,69.98,2686.32,39433.82,24711.15
100360,26,34,,7148.35,22.27,3,2329.74,2162.78,29.6,10,0,73.67,544.56,70551.88,10352.69
100361,27,53,1036900.85,15546.98,80,2,5665.8,5620.99,2.1,14,0,73.31,5820.3,276581.95,55581.18
100362,7,33,249184.92,853.28,20.69,2,310.17,331.04,9.5,18,0,,3043.58,308451.66,25914.69
100363,27,35,,1453.58,51.06,2,434.71,433.44,41.3,3,0,48.82,2041.42,30363.13,19263.41
100364,4,38,180184.63,2018.72,20.93,2,538.04,485.46,2.4,6,0,31.03,13539.61,83765.1,107468.06
100365,16,69,,2518.1,49.5,2,838.88,901.37,24,5,0,40.04,66.41,67491.91,865.98
100366,15,43,312822.42,3197.73,30.33,3,565.18,521.23,1.7,10,1,63.86,978.16,109937.96,12789.17
100367,10,26,485844.74,5497.56,29.68,3,1563.75,1571.14,9.8,5,0,43.19,171.98,202428,6391.16
100368,1,45,910001.35,9277.81,10.53,1,4527.89,4686.18,25.5,8,0,62.84,2992.42,181580.11,32823.19
100369,24,30,416419.66,3163.16,30.41,2,782.44,788.07,3.6,9,0,72.73,1444.26,68132.1,15169.34
100370,11,29,703022.14,8066.36,9.54,1,4318.13,4975.55,22.6,8,0,65.2,4689.88,112472.07,46420.28
100371,20,44,511330.64,5251.24,78.4,1,3245.95,3388.87,1.1,2,0,84.89,756.8,99113.25,9403.72
100372,13,34,915882.21,5272.26,10.18,3,1411.7,1394.56,0.3,11,0,79.1,1694.1,100650.99,21290.75
100373,12,37,0,8060.44,9.75,5,1375.29,1425.02,9.1,10,0,70.21,1385.16,31335,21908.77
100374,27,34,404017.81,5504.31,47.73,3,1758.87,1781.02,0.2,11,0,44.55,3555.97,120358.72,33276.36
100375,3,38,4659729.67,51784.34,10.61,2,10505.39,10533.36,16,10,1,59.69,1126.98,138060.26,65978.1
100376,23,39,1144662.61,10116.86,11.16,3,2765.44,2805.89,10.4,12,1,27.25,7957.4,86971.68,73576.39
100377,23,18,,5490.83,33.03,5,849.02,826.91,5.9,20,0,59.04,26747.18,38208.94,220417.2
100378,12,41,264658.93,1147.77,0,4,173.28,175.49,8.4,3,0,70.29,359.84,281213.17,6034.85
100379,8,23,906861.75,5611.6,0,3,1941.14,1882.27,8.1,20,0,70.54,1664.59,72217.86,21342.27
100380,1,18,319211.15,1106.69,18.67,1,510.77,452.66,1.7,10,0,21.97,1205.38,30367.6,9816.12
100381,29,33,1428138.34,21200.05,10.25,4,3681.22,3933.06,3.9,12,0,44.08,,28960.89,35801
100382,29,35,1131249.98,6708.34,10.24,2,1644.01,1588.23,5.9,8,0,68.19,1181.08,94994.78,17828.78
100383,8,26,728181.59,9350.55,0,3,3268.51,3296.24,11.6,11,0,72.29,1094.04,100741.12,18552.76
100384,1,43,672470.93,3566.09,9.79,1,2290.93,2186.4,30.7,4,0,76.94,3997.29,45622.24,36658.93
100385,4,19,539800.6,3585.91,7.63,3,588.07,562.3,39.8,9,0,58.8,3695.04,111413.56,32048.65
100386,3,30,919411.27,7553.59,1.11,4,1590.19,1491.06,13.1,15,0,28.33,7976.74,143328.31,68741.97
100387,25,28,489875.99,3487.39,29.08,1,1251.83,1323.06,8.1,1,0,66.3,4660.98,73943.13,40216.83
100388,27,33,704833.14,8914.9,29.96,3,2613.46,2800.02,8.7,15,0,42.97,1894.62,42887.82,23623.1
100389,5,37,1032542.82,14979.72,0,3,3697.25,3703,22.5,11,0,57.27,1908.86,133816.26,33112.51
100390,23,23,436826.13,5919.13,9.3,3,1018.55,985.75,5.4,8,0,48.36,6476.66,113796.05,60619.04
100391,6,42,422801.81,2168.05,49.66,2,755.66,678.9,47.7,5,0,57.15,8819.21,82494.31,71846.57
100392,12,35,298867.37,3705.68,19.99,5,820.53,859.69,44.8,6,0,98.59,542.78,164884,10315.66
100393,18,18,323091.49,1635.64,20.58,4,285.57,273.98,86.6,18,0,56.58,259.53,39788.49,5107.05
100394,22,18,204298.46,2858.61,21.73,4,366.27,341.72,5.8,9,0,80.68,2264.95,83494.62,24570.19
100395,27,34,948153.53,8889.95,0.88,3,3014.06,3019.35,36.8,16,0,46.69,5216.54,114106.83,53167
100396,2,32,1811603.96,13148.76,51.15,5,1563.47,1532.13,107.2,9,0,76.58,1587.35,180131.15,22622.04
100397,6,33,1439162.37,7434.22,61.74,5,1214.31,1103.7,14.8,11,0,33.58,4827.66,83325.14,43463.57
100398,9,34,230665.47,801.87,60.68,1,415.27,380.87,16.5,4,0,54.91,-2213.81,77492.89,21143
100399,10,36,945328.02,5886.22,9.96,3,1162.04,1185.51,0.1,7,1,34.44,429.21,58173.75,7563.71
100400,30,44,1436382.36,20106.06,11.21,4,2983.48,2866.1,73.1,10,1,98.09,2191.44,66775.24,37463.65
100401,24,22,465230.59,5878.58,1.29,1,2029.61,2091.75,13,13,0,68.88,5153.89,66325.1,48937.49
100402,10,21,650335.01,9526.99,10.78,2,2083.12,2101.44,155.3,9,0,33.88,1898.65,183155.56,24904.49
100403,30,22,183439.21,827.88,8.25,3,208.32,221.41,1.7,13,0,71.63,523.34,50583.42,3160.93
100404,15,37,718137.37,7357.22,28.99,3,2342.57,2225.61,28.6,16,0,76.28,2324.91,67492.15,24131
100405,16,48,323268.53,2048.56,0,6,205.27,208.13,1.5,8,0,59.42,652.71,1320546.7,7975.76
100406,14,29,689798.95,6670.57,60.94,3,1935.29,2009.41,10.7,17,0,23.04,2993.88,252964.42,29328.19
100407,5,18,239822.1,1696.69,0,3,394.52,379.7,200.1,13,0,12.37,199.56,44255.77,3686.59
100408,29,18,847536.67,5629.03,1.36,5,589.34,629.2,24.7,10,0,36.67,2338.8,152717.48,24842.35
100409,1,25,1131530.9,11347.82,51.58,2,3891.46,3502.41,5.9,8,0,69.2,435.88,30724.87,13375.51
100410,6,28,,2093.83,31.44,2,559.47,531.51,12,14,0,85.56,4162.38,45226.63,36749.76
100411,7,30,,2725.16,11.45,2,984.87,884.2,17.5,13,0,81.57,4188.3,79333.52,37514.29
100412,9,34,167839.03,1834.52,18.76,3,403.35,385.54,16.6,4,0,27.78,1118.5,96921.73,10264.58
100413,4,31,521532.22,2518.91,10.58,1,1427.17,1413.93,11.9,5,0,49.15,6952.35,122428.57,58602.8
100414,1,46,431670.61,6126.01,0,1,4088.51,4292.48,2.2,11,0,,2813.73,64205.28,28422.53
100415,21,27,,2228.27,18.02,3,443.22,439.09,39.5,16,0,26.71,1517.23,145843.3,11945.98
100416,30,25,803060.8,10355.65,9.66,1,6999.76,6749.71,2.1,2,0,36.86,510.69,53002.97,15011.79
100417,4,39,467143.71,5122.29,21.59,3,977.65,886.77,47.5,9,0,24.67,14205.87,105658,119377.51
100418,9,18,320915.42,3728.42,0.55,1,1223.96,1134.79,92.2,4,0,78.36,2908.52,106467.4,28369.05
100419,16,38,438726.29,5128.42,32.42,2,1289.22,1313.21,3.9,12,0,74.37,656.84,27041.29,10632.62
100420,28,35,1163748.91,15762.88,30.21,5,3289.01,3462.96,13.8,18,0,64.7,887.74,107608.57,21753.36
100421,21,32,878645.34,9219.52,2.94,4,2105.82,2052.85,2.1,11,0,74.24,4271.18,106839.7,45544.91
100422,23,51,566005.35,3725.02,0.21,2,1709.37,1833.58,27.3,8,0,37,36905.06,44857.16,300013.75
100423,18,27,887210.42,3988.74,20.03,1,2329.15,2196.4,12.2,10,0,50.12,1177.03,68531.38,14107.12
100424,13,57,304926.88,3174.53,28.46,2,984.21,961.15,35.7,8,0,28.75,734.42,80169.65,7121.16
100425,6,32,623931.9,2563.23,31.33,2,1122.65,1102.03,4.1,10,1,37.23,1010.52,50661.7,10454.12
100426,26,20,668484.07,4111,29.4,4,1123.54,1226.64,6.7,7,0,53.9,365.21,222793.81,7073.29
100427,25,35,461608.56,1866.07,19.22,2,767.16,773.31,31.6,13,0,80.01,1101.49,238291.3,12710.08
100428,1,22,794643.97,7740.83,11.54,2,2697.19,2406.15,2,18,0,81.62,1134.67,11735.03,16337.22
100429,22,26,383124.15,1994.2,21.39,2,837.97,885.82,8.9,1,1,50.28,1204.38,106887.03,11163.53
100430,3,38,830901.78,8687.46,1.36,3,1614.21,1792.99,16.2,11,0,31.02,1243.46,170297.16,16707.05
100431,23,40,852126.03,10703.37,29.57,4,2826.29,2783.94,9.8,21,0,30.14,2631.24,60472.15,31528.26
100432,25,27,106306.16,1374.15,0,4,384.67,363.96,25.6,6,0,29.94,2491.73,118652.05,22433.04
100433,4,45,1249879.71,8681.95,9.93,2,3276.32,3446.21,11.1,11,1,64.1,1669.39,227733.15,20981.91
100434,14,47,98301.53,960.56,20.94,2,242.29,270.85,12,15,0,31.36,704.21,43790.21,6441.08
100435,4,50,422838.27,4187.64,21.86,2,998.82,1049.68,32.8,6,0,66.65,906.24,91462.68,12797.14
100436,18,40,1132098.19,10019.98,20.44,3,3425.66,3092.07,67.6,20,0,61.79,1504.7,286072.53,23577.91
100437,28,49,505853.52,5552.74,22.37,2,2400.79,2509.5,0.8,16,0,29.32,1286.52,38322.42,14731.84
100438,3,18,253891.65,1469.47,61.08,1,880.91,902.27,37.9,16,1,37.94,1046.29,89607.11,7769.35
100439,12,31,317467.97,4685.99,49.72,1,3184.82,3002.4,28.1,9,0,55.05,350.94,66326.68,6017.75
100440,30,24,1133156.77,5074.54,50.99,5,848.06,913.64,48.6,17,0,32.34,3066.96,126797.09,28976.01
100441,10,35,193198.17,2514.15,32.05,2,1098.01,1126.89,4.5,10,0,69.41,1243.19,192617.48,12626.11
100442,4,28,1204733.71,12367.14,32.4,3,2257.8,2435.93,28.8,6,1,72.85,62923.37,93043.8,515428.93
100443,15,32,592030.36,3665.81,21.42,2,911.87,853.79,11.2,9,1,82.45,583.38,87297.9,7997.43
100444,16,55,299220.86,3601.33,20.03,2,1212.3,1241.3,17.9,14,0,70.89,129.23,22172.98,4180.62
100445,20,32,431276.81,1863.23,9.74,3,403.39,381.73,4.3,10,1,62.31,587.74,157771.37,6065.2
100446,10,39,332381.89,4112.35,20.69,3,972.59,987.04,11,9,1,55.87,5609.72,76253.16,51067.12
100447,29,31,1029011.89,10513.89,2.01,2,4340.69,4725.42,41.9,4,0,34.52,2715.76,58087.09,32500.69
100448,16,35,949633.25,4394,0.52,0,2824.14,2582.43,38.5,2,0,25.23,444.5,111421.78,8731.45
100449,9,34,218136.82,930.93,50.55,2,365.13,335.14,11.8,8,0,30.07,600.46,114321.94,8092.52
100450,29,39,480325.45,5809.11,0.06,4,779.1,823.76,39.1,11,0,47.05,624.31,115543.11,13526.41
100451,28,47,364566.06,2461.64,19.61,3,786.49,785.83,32.3,6,1,74.23,2120.78,115669.88,20927.92
100452,15,52,1329721.97,18229.2,19.81,3,3470.47,3714.36,17.4,14,0,33.13,5898.95,96763.81,63978.6
100453,1,37,272206.15,3328.08,0.16,1,1976.8,1881.05,33.8,3,0,65.95,1217.35,72563.87,13926.83
100454,18,40,1602237.93,18393.35,52.06,1,9872.66,9902.99,42.5,9,1,58.38,6115.17,45084.27,58976.25
100455,17,21,599827.63,3950.29,0,1,1794.41,1868.5,0.9,1,0,44.88,880.99,81551.6,11309.22
100456,5,33,304739.87,3538.02,50.06,1,1440.03,1458.19,13.4,8,1,37.2,1364.14,144038.74,14062.1
100457,20,44,407587.1,5868.45,28.96,1,1895.41,1691.99,5.3,12,0,62.92,181.92,39179.8,7347.6
100458,26,44,378285,1666.13,10.86,4,294.14,343.95,11.9,12,0,42.53,843.88,50486.51,9975.38
100459,4,36,284817.36,2034.99,1.64,3,386.86,391.79,16.7,15,0,81.91,14777.06,49794.24,123128.22
100460,22,44,647756.78,3933.9,11.95,2,929.36,854.61,8.6,5,0,33.21,641.02,87435.05,9322.83
100461,5,39,292911.3,2321.25,10.24,2,921.38,938.75,36.6,9,0,68.42,2476.91,174368.59,23109.49
100462,23,47,165405.4,1985.93,10.69,4,305.84,313.71,0.4,11,0,73.89,21479.55,95595.43,172847.29
100463,13,37,487267.52,4321.24,79.82,3,841.05,891.21,38,10,0,21.33,362.6,27609.5,7335.59
100464,1,30,207453.13,2073.69,10.63,2,603.02,636.56,37.4,8,0,38.26,1535.49,88887.94,14443.46
100465,29,38,389678.74,2727.81,50.38,0,2646.31,2612.35,12.8,2,0,72.69,7002.01,48525.26,59289.59
100466,5,18,354659.24,1768.22,0.07,2,595.87,534.3,7.8,16,0,29.64,1428.35,102031.69,13468.27
100467,18,38,362813.72,2341.1,80,3,662.32,680.65,76.5,12,0,34.11,2665.03,80842.03,22404.44
100468,6,18,2032856.11,27165.89,10.54,3,7272.43,6555.77,4.4,6,0,42.51,533.97,35017.48,29527.07
100469,28,18,632997.27,6560.72,19.65,3,1616.15,1733.99,1.7,11,0,35.07,2829.84,77154.6,28160.06
100470,23,39,708990.25,5490.22,19.71,2,1674.8,1601.16,9.7,7,0,52.09,,52823.01,78377.38
100471,25,39,210772.68,2645.93,2.05,1,1075.08,1116.04,11.1,10,1,55.06,878.26,81774.89,11477.49
100472,13,21,413327.93,1689.55,53.25,5,328.89,315.94,33.1,14,0,56.08,283.2,59903.47,4742.51
100473,15,26,696314.03,4384.26,8.55,11,312.01,302.8,7.8,25,0,73.43,,43603.56,49446.65
100474,20,49,330928.33,1994.74,18.49,3,638.15,607.48,29.8,3,0,68.96,635.87,104229.43,8292.85
100475,24,29,1055169.69,15648.34,18.85,1,8363.49,8722.82,4.1,2,0,31.17,4286.17,129580.52,48246.57
100476,26,59,297377.16,3441.8,19.88,5,635.1,611.42,5.9,26,0,29.39,923.09,109827.01,10090.76
100477,1,34,515325.89,5432.97,1.07,3,1367.79,1430.87,9.3,15,0,67.53,1061.21,40810.43,16433.37
100478,20,38,430517.59,1460.46,0.71,1,980.59,945.57,20.6,7,0,,716.25,43090.54,9085.08
100479,4,52,675336.83,3703.97,0.21,3,867.91,855.86,21.2,10,0,12.68,5124.61,56046.43,43496.96
100480,9,35,,4480.12,10.63,1,2109.18,2113.68,18.5,7,0,27.92,2841.86,173243.08,27704.93
100481,25,23,520132.19,4038.71,0,4,1061.71,1071.5,14.5,14,0,81.38,4684.42,41442.71,44282.11
100482,8,33,531095.11,7497.91,59.71,2,2709.06,2558.84,59.7,14,0,74.87,1209.75,112014.52,16481.91
100483,24,34,393856.46,4828.66,19.98,3,1158.06,1206.96,11.9,7,0,96.7,,97625.69,44405.77
100484,14,19,818665.43,7003.83,28.1,4,1134.23,1115.76,0.8,17,1,64.28,1075.12,209589.67,14060.81
100485,7,31,706026.09,8528.44,8.61,4,1357.79,1402.1,6.9,1,0,68.19,3490.19,181943.96,38365.24
100486,11,26,580245.22,8537.97,8.65,1,5298.44,5293.28,9.5,4,0,76.64,2134.58,79448.32,29547.33
100487,16,44,,4118.3,20.92,4,678.34,702.21,1.5,19,0,16.24,620.24,25768.54,9238.42
100488,23,34,986877.18,10688.02,10.29,4,1292.37,1260.48,21.1,17,0,33.72,1129.36,99276.22,20230.9
100489,19,31,0,7464.39,10.73,2,1531.61,1459.05,23.2,7,0,32.63,1988.22,90369.63,23277.05
100490,28,33,509077.77,3174.45,17.79,0,4389.38,4501.8,21.3,3,0,67.13,7235.22,64376.07,63660.49
100491,27,36,651601.51,8912.36,18.22,3,2334.75,2265.58,17.2,16,0,66.76,,147928.2,34533.12
100492,23,41,1693531.35,7572.97,80,4,1501.3,1632.7,3.3,21,2,66.33,6329.97,62867.39,53669.03
100493,19,23,273802.06,2984.5,6.67,2,1327.41,1332.8,19,7,0,57.48,935.91,61372.07,10899.27
100494,9,23,971200.86,12108.53,21.47,2,3557.28,3264.1,5.6,9,0,30.35,2149.58,199316.18,28514.45
100495,13,46,196510.62,2065.21,0,3,638.15,615.73,60.4,19,0,61.95,565.93,79940.44,5802.97
100496,4,29,697137.78,6356.43,11.01,2,2494.79,2345.2,6.3,12,0,45.29,12794.43,59619.22,108999.89
100497,12,18,1574461.94,16588.79,28.93,1,8142.42,8666.59,1.9,10,0,67.55,713.65,44138.75,18941.04
100498,28,39,820423.18,4187.56,1.26,6,729.66,763.52,13,20,2,74,,49234.2,13508.29
100499,13,39,677896.23,3965.71,23.85,2,1814.48,1807.83,4.2,11,0,,392.78,65608.41,4642.57
100500,4,18,437181.96,2834.75,17.27,2,718.6,731.1,65.3,12,0,34.64,20527.41,122523.45,167257.24
100501,20,37,623436.86,6427.47,0.83,1,1973.26,1962.88,31.6,5,0,78.1,703.9,36448.56,15001.97
100502,29,42,526042.22,4466.95,57.83,2,1871.9,1968.53,50.8,5,0,55.35,1031.75,20751.85,11875.45
100503,27,38,381852.04,2363.13,20.51,2,726.95,749.63,40.8,14,0,61.93,374.63,78361.31,4771.16
100504,9,41,514241.91,7011.42,49.75,3,1815.12,1891.35,2.6,10,0,31.36,607.49,69413.96,10179.7
100505,14,19,689280.2,5305.36,20.16,2,1375.8,1359.97,13.2,10,0,64.6,956.57,98766.19,13131.91
100506,16,38,386174.34,3297.28,58.91,3,1049.72,1009.94,1,4,0,74.82,633.68,134264.61,9252.6
100507,8,31,7146053.92,57977.88,10.94,2,22745.98,23653.63,14,4,0,13.78,,68795,61130.45
100508,9,29,3634712.65,19831.72,18.26,4,5404.91,5908,35.2,18,0,33.65,807.13,251195.47,30105.42
100509,8,44,773599.41,9182.4,31.49,1,4500.3,4798.94,42,9,0,43.81,9440.5,63263.98,85585.68
100510,30,50,848791.12,7271.42,9.51,2,3347.89,3665.6,5.2,16,0,49.69,,123424.09,162080.59
100511,23,54,703181.78,2479.11,8.32,5,416.77,420.82,19.9,7,0,36.87,16526.43,49569.35,135852.43
100512,26,48,,15921.45,80,3,4367.01,4112.85,0.1,5,0,68.02,2839.62,82722.05,32349.2
100513,25,33,645057.69,8290.5,19.92,1,4722.69,4473,9.4,4,0,,14268.58,38844.26,121319.89
100514,29,38,774196.51,9116.65,32.29,4,1808.41,1958.1,13.8,5,0,84.18,12399.34,38815.48,106470.71
100515,4,42,734302.91,9893.92,31.47,2,3463.61,3076.67,31.2,8,7,55.59,3000.88,73764.24,32415.76
100516,27,35,579227.41,8059.35,49.04,1,3137.69,3420.98,2.6,6,0,70.42,1115.46,29437.58,16783.13
100517,2,35,445023.05,3236.97,49.9,5,480.09,457.4,16.5,11,0,26.96,6390.99,106173.81,52647.34
100518,15,43,2310249.35,24168.65,20.15,5,4679.03,5219,0.1,28,0,65.23,1318.23,71403.35,31546.52
100519,18,33,466588.91,4871.01,11.83,2,1024.85,1020.5,31.3,9,0,66,520.19,101793.38,9482.05
100520,11,26,410383.69,2648.6,0.53,3,768.31,801.62,29.8,13,0,63.75,795.07,26091.22,10536.2
100521,5,29,793953.64,4703.12,20.21,1,1982.42,2266.1,6.4,11,2,24.09,1031.32,114513.58,13703.33
100522,6,41,711753.63,3318.9,49.76,2,904.37,886.45,17.6,8,0,63.01,441.84,162501.86,9202.14
100523,25,34,263418.56,2905.4,19.94,2,1118.38,1095.1,37.3,4,0,72.09,797.7,165879.41,10324.79
100524,10,38,1200179.16,14936.64,1.57,2,3843.48,3683.24,8.8,16,0,37.65,929.09,295391.8,25835.64
100525,10,41,578305.59,7062.89,10,3,2417.89,2272.56,5.9,7,0,,554.45,96681.04,11131.83
100526,28,30,314209.67,2209.79,19.53,3,769.31,754.08,11.4,18,0,10.89,4301.51,65189.44,36066.08
100527,5,42,,7154.84,49.32,2,2305,2228.27,38.4,5,14,55.38,1167.75,100705.88,11479.93
100528,28,38,890715,7683.71,0,2,2359.24,2182.26,59.5,13,0,33.49,2779.07,69808.96,31417.05
100529,28,20,286544.54,2784,18.32,3,461.61,455.78,95.8,21,0,73.42,2518.27,28344.47,24788.35
100530,18,50,1777439.06,24984.96,29.1,4,6109.2,6274.07,0.4,21,1,42.23,1089.89,144571.87,33351.86
100531,5,28,908593.31,12302.64,61.8,1,4491.57,4250.13,3.4,7,1,73.6,2824.73,65301.36,30641.46
100532,5,18,608198.62,8529.13,0,2,3827.98,3790.67,11.6,12,0,64.55,1743.73,31163.34,26193.34
100533,9,23,1588825.68,21057.99,60.85,1,14661.35,15898.63,18.6,8,0,,1035.89,74850.24,17047.27
100534,18,23,673304.61,9822.47,17.03,2,2285.13,2090.5,6.3,11,0,46.5,288.42,77882.48,10045.39
100535,5,35,601706.22,5274.85,30.68,5,1007.85,1124.66,24,23,0,100,1854.63,75698.14,21972.86
100536,14,31,411759.36,1602.93,0,5,259.89,249.38,7.7,14,0,82.9,191.16,101172.05,6208.7
100537,4,30,867598.83,3738.89,19.42,2,1287.32,1302.84,17.2,13,0,77.99,-5544.99,191921.37,48985.62
100538,17,41,814505.31,6424.58,30.22,3,1194.42,1286.1,1.1,14,0,23.15,1748.05,41161.35,20536.73
100539,1,38,,3915.87,9.41,1,2308.05,2527.45,22.3,4,16,78.92,296.49,54977,4387.69
100540,22,37,380934.47,2026.64,17.45,1,743.06,764,20.5,5,0,31.26,2065.2,47063.11,17375.31
100541,2,39,661544.39,9562.83,21.11,4,2502.1,2397.83,18.8,15,0,42.56,1457.81,205031.25,21439.34
100542,6,41,586832.78,3295.02,20.29,3,793.42,756.16,30.2,5,0,28.48,3141.14,41898.45,28125.13
100543,6,18,274934.97,3994.82,0,4,885.17,854.64,8.2,18,0,72.29,3008.47,47742.56,29991.35
100544,25,30,,3090.7,18.84,5,688.93,767.03,15.1,9,0,66.4,1610.63,127632.93,16643.22
100545,2,18,858950.42,9286.64,0,3,2763.59,2700.06,18.8,3,0,61.8,2090.07,213647.27,27759.06
100546,13,34,128443.12,1441.62,60.27,1,744.36,758.82,64.2,8,0,80.95,363.27,246635.51,2650.1
100547,18,34,692193.46,4984.8,71.94,1,2298.35,2154.41,24.1,13,0,36.23,499.09,32994.12,3751.78
100548,16,46,459330.2,4995.82,10.24,1,2422.24,2254.19,29.8,11,0,42.15,725.77,83105.55,12979.75
100549,21,47,1341531.48,7394.44,0,4,1291.57,1293.62,9.7,7,0,60.24,4086.9,118601.19,41124.35
100550,25,36,455109.59,6497.24,0.27,2,2938.81,2881.54,19.7,10,0,74.12,4999.59,65930.79,47113.56
100551,12,28,908967.83,6231.21,19.94,2,1666.4,1641.24,17.3,12,0,47.37,1288.42,90339.2,16263.84
100552,25,39,482253.96,3044.36,51.04,5,470.6,428.83,42.1,16,0,62.03,505.74,147054.84,5871.83
100553,10,28,655152.52,7620.11,20.73,5,1552.7,1545.85,6.9,22,0,51.99,6172.3,175758.73,56709.91
100554,30,34,952148.58,10466.71,0,2,3110.26,3399.38,9.3,10,0,64.25,292.84,115538.1,14877.08
100555,16,45,463629.5,3987.84,0.65,0,5221.23,4954,1.5,4,1,76.68,670.16,70422.41,9625.49
100556,23,28,1112708.15,11920.52,8.8,1,4735.18,4990.15,13.1,11,0,76.89,39227.52,268858.03,326284.96
100557,27,43,337107.02,1751.65,48.29,2,364.97,289.11,88.7,11,0,26.73,2812.93,51368.17,25097.56
100558,24,41,730241.19,8171.62,29.77,3,2253.33,2144.85,30.8,11,0,36.38,2047.79,25265.05,24003.97
100559,26,23,1064438.82,6911.67,20.49,3,1739.33,1539.96,12,6,0,42.07,981.87,66136.81,15142.96
100560,17,45,909269.62,5926.16,8.03,0,7979.26,8571.1,1.3,2,0,84.33,1946.15,92320.54,22476.81
100561,2,42,1932338.29,10098,60.85,3,2369.26,2494.18,6.1,3,0,66.44,10178.73,210897.44,89718.51
100562,15,35,387050.66,2791.96,10.92,2,659.34,618.42,7,13,0,32.32,1470.06,63017.59,16134.62
100563,6,26,267502.69,1926.5,50.06,3,416.03,423.25,52.3,4,1,27.73,1102.17,78795.77,11325.82
100564,27,25,336978.16,2909.74,48.96,3,665.29,713.26,0.5,8,2,62.49,1831.17,26924.75,15927.25
100565,8,28,909490.64,5053.1,18.82,4,1077.83,1165.6,15.1,16,0,42.37,8481.38,126097.44,73957.55
100566,7,40,824991.38,4608.13,51.23,4,755.37,736.97,278,14,0,72.03,1468.23,100162.97,13222.48
100567,8,23,650650.85,6281.75,8.19,4,1306.92,1133.71,4.9,13,0,34.6,2607.5,55693.9,30406.59
100568,20,39,311950.63,1509.79,31.28,3,500.66,473.67,124.5,11,0,68.9,2189.3,241371.42,19052.59
100569,18,20,969460.32,11024.13,0,3,2587.87,2706.83,5.5,15,0,43.76,2646.55,168029.8,32380.42
100570,29,32,293476.13,4210.97,19.88,3,1180.39,1329.04,38.8,7,0,72.37,4224.05,33900.62,36705.14
100571,13,35,1226584.7,10197.03,0,3,1996.37,1989.87,53.7,9,0,48.94,2416.87,95459.53,31344.79
100572,9,61,3398475.49,47057.09,0,7,7300.09,7034.3,17.5,23,0,79.9,1820.71,524397.74,73086.23
100573,2,19,762414.11,3417.43,0.74,2,929.24,1063.02,133.3,12,0,31.51,813.35,316319.11,13092.79
100574,1,50,868253.79,3330.27,8.4,3,885.72,907.28,12.4,20,0,30.32,1151.54,104792.2,14071.67
100575,12,36,455275.76,5350.38,20.6,2,1498.46,1388.07,8.9,20,0,66.37,1144.25,28657.11,14480.58
100576,28,39,206539.4,2523,20.11,4,329.97,327.61,6.2,20,0,71.55,15993.67,179107.17,129245.26
100577,16,35,426233.6,5614.39,9.23,4,960.88,1018.53,10.4,15,0,64.11,244.86,42489.28,6179.01
100578,27,39,317628.36,1270.5,80,0,977.81,973.68,21.4,2,0,82.74,3798.23,144532.33,30986.09
100579,4,32,6202464.87,76895.03,57.36,2,33683.59,35289,24.9,17,0,71.54,1020.06,54711.44,49849.35
100580,3,50,1719923.58,13290.03,0.42,3,2700.97,2440.86,11.8,12,1,68.91,1001.92,128749.9,23345.63
100581,26,29,720781.96,4954.74,21.94,3,1708.81,1561.77,49.3,10,0,71.12,538.98,52810.09,9311.29
100582,4,46,768493.2,4113.88,31.73,4,817.74,781.68,0.5,13,0,76.79,7233.74,67877.58,62545.3
100583,2,27,508368.08,7603.01,30.47,3,1476.6,1451.6,25.4,30,1,70.89,2307.87,140159.27,25592.45
100584,13,33,551640.48,2250.21,9.64,3,513.65,523.95,29.5,13,0,46.29,2414.72,46200.86,22205.48
100585,28,22,1091545.19,14170.89,29.24,5,1763.67,1831.06,42,14,0,15.02,5510.24,334335.52,55394
100586,21,39,600172.37,6479.04,0,1,4104.3,4711.6,26.6,4,0,69.44,1657.52,54454.39,19823.54
100587,3,50,841373.38,10021.23,10.65,1,3487.26,3332.73,39,11,0,37.61,380.01,50133.22,13686.15
100588,26,33,544036.64,6332.01,29.03,2,2741.38,2689.74,6.2,9,1,,331.52,112837.88,8100.15
100589,26,32,498362.36,6653,30.91,3,1059.05,1013.89,12.1,4,0,46.08,916.48,168348.55,13036.03
100590,25,22,263083.29,1442.01,52.56,4,242.17,257.85,18.8,15,2,32.28,45554.14,55987,362980.94
100591,28,31,186787.15,625.37,0,4,120,128.16,14.7,12,2,56.67,2085.34,42343.4,15367.8
100592,8,18,523052.6,5396.22,0,2,2065.34,2009.86,4.7,7,0,74.21,1093.65,37893.4,16153.75
100593,30,24,633029.6,4724.35,0,1,2385.46,2681.13,19.6,4,0,83.57,6202.53,36358.96,57203.76
100594,10,36,282856.91,1352.27,0.93,3,456.89,437.46,86.9,21,0,39.24,432.2,113393.77,5131.38
100595,25,49,599403.06,3300.6,0,1,1473.63,1564.69,17.7,12,0,55.37,1702.94,65192.83,20556.78
100596,18,65,631988.19,4554.69,21.05,2,960.43,1044.25,4.7,12,0,58.59,497.96,114170.92,6913.3
100597,24,28,167840.54,697.53,19.36,4,168.71,154.93,10.3,16,0,84.33,1305.48,82923.66,11621.24
100598,19,50,353380.15,1413.23,31,2,501.04,518.4,14.5,10,0,52.27,4913.42,138270.45,41065.01
100599,20,37,781314.3,10954.53,9.81,3,3456.01,2890.95,2.5,24,0,93.22,644.49,52529.72,18060.28
100600,19,32,771899.54,5384.42,0,2,1688.75,1772.27,5.4,9,0,90.51,1753.11,54146.93,20550.27
100601,24,39,306253.82,4531.13,29.52,3,1348.63,1259.49,39.8,6,0,93.62,2864.71,73169.25,27488.78
100602,23,35,672961.42,9815.43,0,5,1205.42,1246.46,7,15,0,35.81,4342.2,66608.69,47882.75
100603,5,35,1130102.38,5648.46,52.39,9,790.57,826.38,91.9,19,0,63.9,1637.97,87481.32,18656.84
100604,25,30,975414.93,11388.63,0,3,2103.81,2245.21,20.9,5,0,,3630.82,44358.9,42900.02
100605,17,19,577927.08,5978.37,20.77,2,2518.57,2653.09,41.1,9,0,,-588.47,131099.21,12577.96
100606,10,18,462124.06,5264.82,49.36,4,810.73,813.45,14.7,25,0,13.22,1071.08,46475.94,11997.62
100607,16,41,419478.59,1870.67,18.74,3,573.36,560.27,104.1,14,0,46.62,544.13,47757.31,6390.17
100608,30,31,810224.23,4484.11,19.72,2,1926.68,1918.08,5.6,7,0,64.59,5394.7,132804.38,47246.6
100609,26,27,687926.19,2908.83,31.32,3,946.32,882.96,6.6,17,0,37.57,2211.01,39333.75,19867.07
100610,26,34,892709.82,9268.15,0,2,3029.37,2990.89,13.4,11,0,38.92,4600.91,145622.5,46500.33
100611,14,43,662316.45,9831.93,28.96,1,4636,4555.14,3.8,4,0,43.93,,42822.17,14899.87
100612,24,36,1000122.27,11175.96,50.19,6,2022.9,1927.23,9.1,19,1,43.74,1086.18,25735.29,16571.47
100613,12,27,647665.71,7532.56,70.6,1,4005.78,3587.29,6.9,8,0,31.96,1465.71,35421.3,13320.72
100614,21,47,979882.24,14523.03,21.97,3,3983.02,3677.86,15.8,12,0,83.36,1588.21,108178.22,28681.96
100615,20,51,1031854.38,11602.3,10.42,3,2288.13,1855.66,4.4,5,0,70.5,578.44,104074.07,18129.65
100616,8,39,377625.59,1436.32,30.77,2,458.15,449.69,17.5,14,0,72.61,32469.57,143131.05,260561.82
100617,8,45,,2782.38,20.86,2,830.6,848.56,7.8,7,0,55.8,2605.6,136445.69,25613.31
100618,2,48,1544900.65,11722.98,8.62,3,3318.36,2784.25,2,2,0,80.28,426.72,161916.48,15784.1
100619,5,46,713808.28,2417,0,3,457.53,464.03,15.4,17,0,27.57,3090.85,45630.85,25918.67
100620,14,41,218749.59,2025.16,0,3,468.12,464.68,28.3,14,0,57.34,113.88,60232.58,5641.27
100621,15,41,398747.14,5689.43,18.4,3,1819.17,1690.73,33.2,15,0,26.08,2570.04,137369.75,28865.46
100622,5,40,972377.15,6161.41,0.95,3,1597.59,1556.25,9.3,12,0,38.7,3265.71,176344.44,31064.74
100623,13,22,517398.35,4692.9,0.35,4,1235.96,1313.88,24.9,16,0,40.8,1165.25,54907.66,15194.81
100624,19,42,0,2413.73,0.1,2,632.42,595.45,4.4,6,0,34.46,1160.42,183281.6,12074.82
100625,7,19,1418206.45,5682.59,56.89,4,1081.88,1087,9.3,20,1,67.28,14515.07,30374.53,118670.26
100626,11,25,,1397.38,2.47,2,465.95,475.64,12.4,13,0,65.52,,72491.44,13470.98
100627,12,48,379072.38,4479.62,0,2,1374.43,1306.62,21.9,7,0,56.09,256.18,81560.6,9334.24
100628,16,43,,9320.03,22.46,3,2673.91,2835.67,48,10,0,74.29,594.38,55028.38,16804.27
100629,11,50,773474.06,3871.65,8.26,4,556.72,570.21,35.5,23,0,64.57,396.56,58456.1,8245.26
100630,23,31,,5521.65,69.03,5,934.56,920.43,27.5,4,0,52.29,2778.36,41247.52,27203.53
100631,10,21,1057181.83,5931.45,57.36,1,2108.69,2407.68,31.2,5,0,55.58,2849.16,123174.93,26241.58
100632,14,31,689361.87,2514.87,20.43,1,1387.4,1471.69,32.2,9,0,52.49,392.87,103432.23,8065.59
100633,12,35,820775.43,8036.73,18.68,4,2032,1826.43,4.4,24,0,38.42,2618.08,152142.49,28269.19
100634,6,35,523791.45,6024.43,8.71,3,927.76,906.1,35.2,16,0,73.82,929.46,152376.66,13630.22
100635,21,46,635389.47,6921.32,0,4,1336.57,1534.39,9.1,19,0,37.58,3810,108836.47,38701.23
100636,8,30,652714.41,5132.04,10.93,2,1700.7,1600.47,2.7,11,0,,386.46,40325.06,7573.01
100637,9,38,696228.6,6829.59,0.85,2,2677.66,2688.32,24.6,8,0,26.73,4520.35,51301.46,44637.1
100638,24,23,972765.51,4311.21,2.17,3,711.11,763.63,21.9,2,0,26.61,1027.19,184555.43,13310.08
100639,29,39,853808.2,4384.8,19.18,4,811.03,842.77,47.6,23,0,59.35,6703.11,162318.8,59202.89
100640,21,34,628382.7,8927.33,0.26,1,5483.1,5745.13,13.5,13,0,84.74,825.75,171763.64,14048.99
100641,28,26,376584.92,4601.66,0,3,1180,1232.22,7.8,14,1,51.54,9347.28,83479.96,80206.52
100642,26,31,637288.16,8985.57,19.6,2,3593.86,3599.34,43.5,5,0,,294.76,126465.71,11826.55
100643,15,32,601729.8,8441.74,19.38,0,7523.35,7165.7,2.4,1,0,79.52,624.75,187294.09,13998.64
100644,24,31,687133.17,7497.76,0.56,4,2003.51,2055.77,4.2,14,0,28.62,1637.95,45980.83,21761.22
100645,10,53,2299700.91,32570.77,1.22,0,21557.82,21036.84,17.7,4,0,82.2,4938.89,95950.83,73698.48
100646,14,33,446909.23,3663.55,1.19,2,821.77,798.04,0.1,6,0,64.13,1211.93,51355.61,14043.99
100647,17,31,788389.76,2662.67,8.99,6,389.05,423.65,290.8,25,0,34.6,4637.5,82532.08,41188.31
100648,29,18,1161765.85,4721.58,51.2,4,922.28,901.19,24.7,7,1,61.5,3504.32,159796.75,30741.18
100649,26,24,648991.95,2993.94,59.95,3,831.4,916.51,9.2,5,0,26.09,333.56,148116.7,5119.32
100650,15,31,2488228.38,11062.99,19.61,3,2166.26,2199.63,38.2,13,6,59.51,6258.43,92851.82,59046.98
100651,20,26,487746.4,3628.03,19.15,5,472.14,467.63,2.3,11,0,,907.76,13348.52,15283.56
100652,7,49,,8559.35,29.33,2,3421.71,3048.56,8.1,7,0,76.15,1302.76,64866.5,17192.29
100653,25,32,378924.03,4760.01,32.09,2,1322.35,1490.54,14.1,7,0,80.58,3404.83,72297.16,28949.26
100654,17,48,495567.88,5064.96,0.37,3,1496.48,1495.95,26.1,22,0,57.26,,78341.38,17939.28
100655,16,35,710507.51,3583.38,0.21,1,1993.37,1721.78,2.4,7,0,48.32,1414.39,63435.68,13578.31
100656,23,34,1016785.65,12262.22,19.69,3,2043.69,2164.8,45.9,19,0,56.22,3694.24,79629.37,41045.47
100657,19,33,741055.91,5538.27,22.94,2,2157.9,2151.4,11.3,4,1,42.2,965.22,61216.44,11253.62
100658,3,34,1302561.62,4540.06,1.57,3,1479.62,1396.94,61.1,12,0,51.75,474.07,95588.78,8834.7
100659,9,53,578038.22,3821,9.13,4,957.78,1011.3,13.4,16,0,78.02,7606.35,92832.12,64633.32
100660,6,18,501356.82,3606.02,9.67,2,729.73,618.13,21.6,11,0,67.85,1478.04,38482.35,18143.79
100661,23,18,3099543.85,20249.5,9.74,2,6964.28,6665.89,34,11,0,61.58,18865.22,208435.91,170705.24
100662,2,28,775231.55,9928.11,20.18,2,4403.68,4324.57,6.9,7,0,31.57,485.05,72499.98,15477.59
100663,7,34,397394.8,4848.8,29.16,1,2615.88,2749.63,23.2,2,2,68.27,3893.11,24860.53,36061.93
100664,18,42,403453.37,4624.34,20.53,2,1282.89,1455.33,18,12,0,75.46,1662.68,257792.91,19764.36
100665,21,39,347585.69,1723.45,1.74,2,434.1,427.72,2.1,19,0,17.32,5338.96,60699.22,44456.37
100666,16,30,1073372.44,13694.97,0,4,3144.25,3231.02,37,23,0,33.76,1053.21,106730.61,25733.38
100667,26,45,491760.99,5526.32,48.65,3,1681.39,1958.65,1.1,5,0,43.72,751.28,51539.06,10625.83
100668,28,45,660526.11,3703.59,19.42,3,1231.51,1231.86,38.4,11,0,,1019.62,113325.15,11345.9
100669,4,36,589051.71,6418.42,0,5,1416.94,1456.75,6,4,0,39.69,16998.17,82005.43,144996.86
100670,29,45,949100.43,8520.2,12.4,2,2474.9,2291.16,30.5,11,0,63.62,952.44,115299.96,17865.54
100671,19,37,368180.28,3115.4,51.2,2,1124.77,1256.98,23.9,10,0,,207.86,74173.11,3770.68
100672,20,28,320946.94,1490.07,31.13,1,507.53,485.82,60.5,6,0,68.14,,45338.36,3480.39
100673,3,42,700082.06,6567.73,49.68,3,1109.24,1127.12,17.6,15,0,61.32,207.8,112032.16,6700.78
100674,19,35,877603.36,3950.57,19.66,3,649.05,658.41,35.2,4,0,28.21,2735.15,67029.25,23717.39
100675,22,34,747054.81,3922.95,18.26,2,1754.49,1763.48,323.8,11,0,,12009.39,25062.28,100125.39
100676,18,50,376510.88,1837.91,20.94,4,265.37,258.46,4.4,21,0,71.58,209.34,61639.11,5507.22
100677,3,18,918838.23,13291.33,0.59,1,6551.7,6646.57,21.4,5,0,82.94,439.59,536912.67,20187.27
100678,16,18,391624.16,2607.69,31.54,6,352.58,389.76,11.7,18,0,55.51,428.45,20853.86,5497.89
100679,29,21,447508.7,3347.38,19.75,2,959.38,1090.67,15.8,10,1,75.48,6790.23,73110.24,55691.16
100680,22,30,347320.18,2464.76,0,4,507.83,502.49,5.9,7,0,47,805.35,68932.67,12198.49
100681,5,31,1335838.12,18453.5,50.2,4,2222.66,2162.72,1.5,3,1,74.31,1975.49,226219.55,30334.5
100682,29,18,894864.31,8861.54,11.07,2,2670.63,2541.03,7.9,15,0,82.23,1349.11,32482.96,20898.48
100683,29,23,879730.14,12366.76,0,2,4054.13,4707.53,25.6,11,1,24.41,17654.21,67230.07,154329.8
100684,6,25,1293291.79,8836.87,10.88,3,2745.27,2766.49,3.4,8,0,37.41,3001.82,88574.13,31506.85
100685,25,61,3308362.79,15461.51,49.98,1,8973.63,9573.99,5.4,13,0,8.37,3990.42,61054.35,40394.29
100686,13,54,219441.02,2155.98,58.73,4,551.85,574.91,56.5,13,0,37.72,727.69,64315.82,6940.93
100687,18,29,392914.97,2894.55,17.5,3,652.02,738.42,107.4,13,0,65.09,903.89,87258.88,10751.64
100688,14,30,422806.29,5366.1,69.84,1,1912.28,1883.86,9.6,8,0,32.82,1398.48,82832.27,14557.51
100689,24,21,,4993.11,51.74,4,919.58,858.49,4.9,12,0,56.13,555.17,55236.13,6624.14
100690,30,18,320559.92,2836.49,52.01,2,1295.75,1440.32,6.5,13,0,73.24,280.74,117905.07,5401.8
100691,24,33,511233.96,7498.63,50.43,1,2892.45,3049.22,30.5,9,0,87.04,1376.4,84840.12,15453.89
100692,28,23,,2886.97,12.35,3,533.95,548.57,0.5,13,1,56.34,3444.59,112140.7,31925.48
100693,29,33,748180.75,4860.42,29.95,1,3294.08,3597.5,26.5,16,0,70.28,,77131.85,12590.55
100694,3,18,631209.72,5706.24,21.14,1,3880.07,3999.58,20.7,8,0,78.27,1051.5,170801.54,14297.72
100695,8,26,816671.04,3078.75,29.46,2,738.27,807.81,1.5,10,1,64.44,590.08,144136.39,8722.08
100696,22,36,829859.36,10550.97,0,2,4275.12,4338.37,58.2,23,0,84.32,4259.13,67144.02,47832.49
100697,18,38,878682.2,3969.36,29.19,3,936.56,987.25,13.3,8,0,62.84,2360.54,144586.57,22656.8
100698,2,39,489103.35,3392.89,67.53,4,674.35,695.65,8.4,17,2,66.6,1249.2,44333.85,8710.08
100699,3,19,2184856.03,21693.98,11.54,1,10835.61,10624.13,7.8,7,0,48.46,1034.83,24847.09,29086.58
100700,16,43,704351.73,2702.16,79.23,2,1238.22,1222.96,21.2,6,0,,,186085.45,2390.44
100701,19,25,200162.26,852.78,9.04,3,159.41,155.65,70.7,11,0,34.66,,69034.69,3895.11
100702,6,41,335356.36,3842.07,0,1,2340.69,2377.97,26.6,15,0,75.63,2361.6,68279.18,22382.91
100703,6,34,215361.36,900.02,0,1,272.05,264.61,11,5,1,35.28,4184.95,94508.71,34222.73
100704,4,19,618328.55,5503.72,52.12,1,3034.99,3114.37,20.5,7,0,39.02,6544.21,39364.63,56494.98
100705,17,31,568804.07,4144.1,22.51,1,2325.14,2381.2,5.5,12,2,36.51,1174.52,58140.22,12955
100706,1,38,461999.47,2772.56,8.01,3,833.82,844.09,53.2,11,1,40.9,1972.78,88583.01,16411.65
100707,18,41,2045044.52,11321.84,19.57,3,3795,3845.66,101.7,6,1,30.56,4715.63,64862.61,46949.12
100708,15,32,850656.92,10413.07,8.76,3,3131.91,3025.52,18.2,16,2,90.17,2898.96,70002.19,37482.08
100709,14,51,946033.7,13656.88,21.19,4,3238.63,3183.84,7.3,13,0,74.66,786,63803.55,22030.77
100710,21,45,350014.67,1739.96,50.34,1,698.62,628.59,4,8,0,74.23,1459.26,202992.54,13806.84
100711,16,31,336007.08,4882.74,29.24,3,1701.97,1689.73,112.2,8,0,24.08,352.97,104739.99,5127.87
100712,22,42,625594.55,6429.11,30.09,5,1044.44,982.66,49.9,11,0,36.79,1906.51,59643.12,20387.46
100713,23,55,678865.79,7346.54,19.43,2,2287.12,2300.83,57.5,12,1,82.85,27196.91,103782.65,223959.82
100714,28,56,200905.01,2335.17,80,3,584.67,559.6,0.2,13,0,43.83,3768,69515.66,30792.89
100715,24,20,549184.78,6343.34,10.66,7,725.71,636.42,17.3,19,0,77.61,3311.22,54405.72,34252.32
100716,16,24,617119.34,7960.08,10.8,0,8556.37,9712.73,25.2,2,0,68.27,262.88,60372.67,10537.92
100717,15,50,537823.09,4828.19,0,3,1061.84,1047.1,51.9,14,0,65.67,1399.05,125957.08,20415.08
100718,8,22,375622.6,3590.04,19.92,1,1421.58,1545,39.4,9,0,46.72,2513.58,38585.81,23945.7
100719,18,19,442702.53,3149.34,22.5,4,845.53,818.8,5,17,1,51.35,4021.04,119537.94,36411.56
100720,5,29,550322.05,2510.64,31.59,1,1684.97,1856.65,32.9,8,0,63.63,5474.81,336415.38,46060.45
100721,28,39,,7165.01,7.78,6,1020.5,949.98,14.8,16,0,35.37,181.85,89888.22,9197.97
100722,26,33,879623.63,3278.15,0,4,898.03,907.51,55.8,12,0,35.95,6309.56,79225.85,53388.13
100723,4,27,1170437.51,7665.94,28.56,3,1787.26,1670.13,5.6,5,0,76.57,5731.22,80252.13,54301.69
100724,24,27,512863.92,2273.73,80,3,517.22,597.93,40.2,15,0,61.03,3570.43,88759.08,30660.4
100725,4,26,465413.13,2588.29,10.29,3,862.89,849.98,0.6,23,0,69,822.58,32118.48,9361.51
100726,22,24,795692.32,8584.55,0,1,4748.69,4984.73,25.1,7,0,55.16,1322.41,221299.82,19977.94
100727,3,59,882824.23,9417.8,10.04,3,2848.92,2925.94,105.7,9,0,32.18,1864.4,172999.07,25704.84
100728,15,37,471584.79,3889.39,16.87,3,904.47,903.09,55,4,0,74.1,1090.77,58165.44,10396.31
100729,20,44,983241.98,4312.84,8.7,3,997.99,1028.99,0.1,8,0,50.92,62.05,68461.65,5823.99
100730,22,29,1101436.35,9241.89,10.04,3,1540.26,1665.87,73,6,0,58.98,2213.61,57080.29,28732.48
100731,13,32,,9895.59,31.01,3,3397.64,3533.86,21.5,11,0,52.79,644.99,121982.61,12172.32
100732,28,26,1778653.18,20879.89,7.67,1,8167.87,8247.49,4.3,12,0,74.11,6049.65,83554.97,72294.52
100733,24,18,363860.11,3671.86,9.54,1,1827.51,1884.45,5.7,3,0,69.97,1364.41,76414.99,16090.3
100734,7,19,617054.96,5596.77,1.21,1,1935.61,2158.02,18.4,4,2,67.4,2282.34,51873.81,23494.15
100735,21,18,616085.52,5555.19,58.26,3,1552.07,1513.25,6.1,11,0,33.74,3296.65,75548.15,30415.21
100736,22,18,576961.21,8428.48,20.28,3,1923.17,1709.25,52.6,19,1,71.87,4148.87,158618.6,42397.85
100737,11,21,414495.21,5039.85,10.08,1,3059.52,2858.23,28.4,13,1,72.11,,41647.39,14076.57
100738,23,49,250957.09,2293.57,2.06,2,781.88,733.93,61.6,16,1,62.05,13738.67,14093.76,112711.87
100739,27,34,646922.72,5775.12,29.72,3,1015.82,962.11,22.1,13,0,60.37,1537.48,59681.03,19594.67
100740,25,48,385910.62,1406.84,49.79,2,285.4,270.9,31.8,7,0,67.29,2940.7,288944.86,28027.44
100741,23,39,644332.73,9235.16,1.03,1,3555.35,3550.31,312.4,7,0,48.63,10738.75,114566.52,97088.6
100742,20,43,,2682.55,0,3,791,802.74,8,9,0,29.21,1786.57,47316.45,19187.48
100743,9,24,316342.08,2001.29,0,1,1263.62,1281.57,8.2,4,1,63.39,1837.31,98504.05,17934.07
100744,24,40,704295.62,10560.88,19.45,3,2305.09,2204.09,3.8,12,0,71.48,595.8,100174.57,16457.74
100745,11,42,,7855.34,59.83,4,1616.22,1712.6,3.8,11,0,73.59,365.14,20000.6,6694.67
100746,16,28,866262.82,3366.77,21.02,3,666.63,688.01,28.4,11,0,84.81,333.92,37215.58,5384.15
100747,10,40,2271367.68,9211.85,10.66,3,3003.88,3288.88,3.6,8,0,32.08,3898.95,119697.39,40504.39
100748,10,40,722699.05,2625.23,29.1,2,1200.75,1261.76,7.2,8,0,84.08,2438.24,245341.38,23612.45
100749,5,28,818659.49,8457.05,30.16,2,3389.45,3318.37,24.7,7,0,40.45,1443.29,57746.35,15573.24
100750,29,22,320564.14,1338.82,11.79,1,449.25,484.44,2.6,8,0,98.02,1679.01,161992.33,16230.11
100751,5,21,282725,4021.87,0,1,1909.77,1941.12,11.6,15,0,72.35,1533.09,47801.64,16697.99
100752,3,35,1581797.03,22564.17,10.17,2,10472.82,10974.24,1.3,10,0,24.85,363.38,12594.58,27888.63
100753,29,38,351613.06,3413.81,29.77,3,668.69,697.59,20,20,1,65.63,3409.99,98852.12,31221.32
100754,17,25,327095.68,3444.89,29.92,2,1304.9,1295.17,0.9,25,1,40.63,3487.48,123329.96,28908.12
100755,14,34,597742.36,4028.66,28.04,1,2721.06,2737.92,0,2,0,43.01,432.04,155124.2,5925.56
100756,23,40,579695.94,2366.97,51.69,3,721.08,715.39,19.6,4,0,67.28,69457.84,104594.6,557354.79
100757,12,41,356065.7,4252.2,9.07,2,1540.84,1461.98,37.3,9,0,76.63,331.21,97385.82,8922.13
100758,4,51,509604.66,2305.18,11.23,3,579.39,504.83,1.7,15,0,63.86,4630.58,72268.25,41124.35
100759,22,48,,5543.37,0,3,1861.26,1783.78,31.8,7,0,65.47,1451.87,69857.32,18609.24
100760,6,23,,2628.68,49.25,2,802.44,812.03,27.5,5,0,37.4,8186.14,44517.41,67688.42
100761,17,53,265181.81,923.46,21.46,4,243.98,259.87,6,12,2,88.75,1361.69,70132.73,11520.83
100762,29,28,1077259.23,9047.2,11.19,4,1709.64,1791.29,8.9,9,0,53.33,3692.59,21342.87,42605.04
100763,29,45,822211.22,9530.11,0.25,3,2871.51,2823.33,38.6,8,0,,1188.24,30531.34,21760.53
100764,11,35,421705.84,5348.89,30.91,2,2375.93,2278.96,92.1,11,1,27.81,251.14,52011.28,7892.04
100765,24,29,236824.41,2459.67,29.65,1,1279.66,1265.85,31.6,12,0,37.73,1286.17,17365.38,14177.26
100766,19,18,391445.05,5173.05,29.99,3,1096.56,1032.41,21.6,12,0,52.95,1910.07,25277.64,20926.64
100767,15,32,592171.63,4783.4,0,3,766.29,669.03,43.1,5,0,56.01,3596.31,70065.57,35017.85
100768,5,18,1231542.13,16301.27,61.08,4,4066.87,3689.83,20.4,14,0,74.27,1347.77,69592.41,19969.67
100769,12,45,328543.74,3037.57,29.17,4,666.81,721.81,8.5,7,0,24.84,984.21,71924.53,13089.3
100770,20,51,581672.31,3453.74,31.78,2,933.01,1036.99,25.6,10,0,,623.95,16109.37,8307.11
100771,30,25,917548.98,13166.05,29.62,4,3428.25,3583.34,37.7,9,0,24.59,617.38,171209.78,15964.76
100772,1,37,146622.14,961.16,60.02,3,321.09,319.97,0.5,6,0,57.53,167.24,25443.57,5117.29
100773,22,26,1137844.4,4141.5,60.91,2,1808.09,1656.97,33.2,6,1,38.73,1487.14,48811.76,13847.29
100774,26,27,301011.61,1856.39,20.03,2,669.05,662.58,42.5,10,1,32.81,356.88,36372.43,2531.18
100775,29,43,14769832.18,112419.69,19.64,2,51760.47,53660.62,23.4,2,0,65,4465.5,137931.48,121306.99
100776,13,34,709548.65,5274.05,9.96,4,1371.09,1439.36,48.8,10,0,68.63,94.66,131261.24,7254.51
100777,4,53,,11091.31,51.07,3,1894.97,1973.29,42.2,7,0,54.34,5116.94,63543.71,49497.31
100778,9,29,851648.43,11615.1,29.2,3,4021.39,4313.24,27.8,8,0,58.09,9310.65,73278.35,88320.69
100779,26,45,146972.41,991.59,0,1,515.15,575.21,10.4,11,0,64.88,592,86368.91,5175.62
100780,27,35,382126.47,3597.15,0.01,4,961.18,937.82,0.4,9,2,54.27,2452.81,30921.75,24490.17
100781,20,43,664837.23,4856.5,61.04,0,5867.97,6855.66,34.5,2,0,76.57,1225.55,84418.71,14935.72
100782,4,29,544371.13,7034.47,49.88,3,1966.23,1727.93,5.7,17,0,37.14,6200.98,60732.99,55130.4
100783,4,33,814997.96,4216.33,72.17,2,1210.56,1154.03,27.2,11,0,21.88,2726.4,115290.78,22896.89
100784,15,33,982636.34,4463.84,19.81,2,924.94,936.04,44.2,6,0,47.84,1267.04,114598.45,17302.15
100785,18,25,881557.49,8112.53,49.71,2,2221.18,2294.35,11.3,14,0,36.57,2362.26,61931.57,24514.46
100786,1,41,538105.27,6013.25,49.79,3,1726.79,1707.97,3.2,15,0,62.65,181.11,17576.71,6383.24
100787,21,41,202110.98,2550.23,8.42,3,822.76,798.29,8.4,20,0,24.45,3721.04,86973.3,34479.28
100788,17,41,465601.64,4755.64,0,3,715.58,810.14,27.7,15,0,74.89,1144.4,37372.69,16805.88
100789,1,51,785593.95,9711.85,79.36,1,3721.48,3600.12,7.5,11,0,19.38,1011.44,63141.76,14692.95
100790,3,50,318095.24,2518.88,1.36,1,1433.82,1346.12,3.1,4,0,39.95,553.96,82321.39,6527.2
100791,14,30,893712.39,3323.51,19.96,2,916.08,1009.01,6,11,0,26.97,2156.09,70085.69,21742.99
100792,22,38,1055378.92,4948.33,29.42,1,1764.98,1854.9,35.5,8,0,63.68,2047.82,36654.29,22055.54
100793,25,27,660329.77,2499.94,31.47,1,831.91,886.56,8.6,5,0,64.8,2168.88,138575.42,19152.68
100794,13,34,97353.75,698.7,11.86,1,387.88,392.44,13.3,4,2,74.9,492.32,77643.52,5646.59
100795,9,27,284224.99,2591.65,31.51,5,464.72,426.35,7.8,17,0,56.8,1207.41,416742.8,12964.79
100796,30,52,1897576.2,14216.04,0,3,4573.62,4596.84,27.3,6,1,61.62,14712.39,68883.05,136713.78
100797,14,38,440846.39,4353.97,49.41,4,741.8,674.43,26,14,0,53.07,181.8,123158.13,6358.73
100798,10,32,186071.91,1664.38,2.18,4,236.13,239.57,3.6,16,1,60.77,4310.89,96494.5,35912.47
100799,14,47,1284041.24,14437.5,30.29,6,2556.11,2656.32,7,4,0,38.19,991.83,122420.1,19161.34
100800,1,18,616854.1,6856.94,49.68,1,4767.45,5075.07,0.4,4,0,64.24,4032.69,116025.95,37123.36
100801,10,18,1187473.79,8365.48,0.86,2,2477.05,2463.32,21.3,8,0,25.12,2865.41,950817.02,30537.21
100802,16,43,722555.6,5327.66,11.21,3,1721.21,1798.46,43,4,0,79.78,396.66,21550.49,10328.86
100803,28,35,805734.8,8188.31,29.31,4,1981.63,1874.17,36.9,17,0,73.67,4140.52,134557.64,40387.06
100804,23,37,13114054.44,134966.35,0.26,4,35881.3,37962.34,21.3,17,1,,7220.74,92769.01,196413.33
100805,24,19,929932.64,6515.5,1.11,1,3060.65,3184.53,19.8,7,0,29.09,3108.41,68069.83,32279.52
100806,17,34,,17247.16,18.61,2,3915.34,3727.34,89.9,9,0,49.22,5887.9,249174.77,63095.01
100807,4,56,1095781.38,12526.16,60.01,7,1087.72,1122.33,1.9,26,0,32.71,4279.81,241612.22,40396.28
100808,12,43,237084.25,2583.31,18.66,2,1042.42,1110.57,6.7,11,0,87.37,1059.66,149364.31,9938.3
100809,30,36,,3927.85,8.82,3,1267.39,1273.37,34.9,9,0,67.33,953.15,48683.11,12697.88
100810,2,29,1213795.65,10292.26,69.32,3,2484.59,2361.97,31.2,12,0,57.77,1840.86,47180.07,21759.29
100811,27,30,1259209.79,17312.84,20.57,2,3737.59,3777.46,17.3,17,0,60.03,1115.56,102722.64,23894.13
100812,21,18,473738.83,1781.01,19.61,4,232.73,240.44,9.3,10,0,62.56,1284.25,228016.16,15347.92
100813,9,37,1231004.57,16385.77,19.22,4,3535.66,3359.58,23.6,12,0,63.99,577.53,30062.06,25632.61
100814,24,43,1067702.7,5592.09,10.06,4,1492.98,1402.71,27.2,17,0,84.45,2489.68,127839.5,26666.6
100815,26,18,2864444.26,26500.29,8.62,3,6092.86,6283.55,9.2,23,0,79.47,354.65,66549.93,29833.49
100816,2,27,390183.89,3234.13,30.51,3,905.96,950.71,25.8,7,0,79.65,385.46,32591.77,6509.55
100817,4,21,451320.99,1558.77,1.36,2,537.05,606.32,17.9,13,0,18.27,1449.1,111867.11,11944.44
100818,20,23,509254.42,7137.4,29.9,2,3120.96,3245.63,20.5,7,1,54.16,499.42,115928.94,10312.26
100819,30,35,455996.84,3941.04,0,3,1247.25,1156.77,10.9,13,0,58.76,1104.26,54633.28,15205.4
100820,1,18,358743.17,5190.46,10.45,3,985.51,1106.12,30.8,11,0,68.73,1264.8,31937.75,14196.26
100821,20,41,116630.86,781.23,0,3,223.05,237.17,18.9,7,0,16.06,721.96,187654.03,7148.76
100822,5,42,471443.6,6337.05,20.64,3,2024.69,1781.09,4.6,7,0,71.65,1619.92,50323.49,20471.54
100823,20,31,763745.03,10765.43,33.72,3,3617.72,3394.08,13.8,13,0,33.8,1252.61,134697.14,19088.68
100824,19,18,455176.87,4475.97,9.85,2,1599.33,1552.16,9.4,8,0,62.88,-3115.87,34014.74,32234.9
100825,3,23,1954418.3,11136.78,0,3,2062.33,2166.04,0,13,0,74.06,159.67,123245.35,17569.42
100826,21,48,616861.58,6988.47,10.89,1,3657.02,3134.92,32,6,0,45.6,637.95,127255.98,12333.24
100827,27,18,1327744.09,12930.67,51.97,2,4882,4847.11,6.6,17,0,84,4051.57,110326.27,39256.6
100828,26,30,715850.55,10275.48,11.17,3,2101.31,2199.79,8.7,6,1,49.19,844.16,189931.19,18803.55
100829,1,21,1004719.38,8499.22,27.41,2,3905.11,3241.06,3,7,0,66.17,2429.88,36966.93,25729.87
100830,8,43,723545.99,4681.26,10.68,6,523.94,547.42,9.8,6,2,75.42,441.1,90077.38,7870.69
100831,8,27,1391155.46,6882.77,3.09,2,3049.26,3207.87,14.8,10,1,72.3,1154.29,29028.08,18088.31
100832,14,38,632817.95,7267.62,30.75,3,1708.15,1621.38,20,9,0,31.2,455.56,43630.94,12908.84
100833,5,40,824099.76,12113.74,18.61,4,1454.72,1354.06,20.1,5,0,54.82,1348.51,53125.3,26284.74
100834,26,54,762360.04,2794.3,0.34,3,722.77,685.37,23.1,15,0,,720.8,99133.58,11062.64
100835,24,32,514732.78,6163.32,68.46,3,1698.96,1426.58,4.5,8,0,74.13,2403.24,182202.64,20093.68
100836,25,38,780245.46,11039.66,1.48,1,7150.89,7010.93,23.7,3,0,54.71,2613.23,207412.29,30948.67
100837,6,18,,9836.06,8.85,6,1450.75,1469.86,31.3,20,0,72.71,9063.32,47426.75,85859.69
100838,1,47,520287.22,2403.99,10.09,2,541.14,501.55,8.7,8,14,34.61,4621.37,72350.49,38773.28
100839,28,26,787054.98,8978.62,18.97,3,3011.1,3186.71,11.5,10,1,75.49,604.53,141811.33,14940.85
100840,9,28,1301517.98,14178.07,49.34,3,3729.84,3752.79,41.1,21,0,57.39,1436.8,160723.96,20622.55
100841,20,34,1212902.03,5017.57,1.78,3,1025.12,1041.11,29.4,7,0,44.78,1712.36,60683.47,21355.27
100842,28,18,616247.72,8057.78,60.12,3,2657.23,2593.14,90.5,20,0,66.95,2799.92,84297.92,27318.51
100843,2,37,146435.63,1383.04,29.33,2,321.2,335.52,32.7,11,0,81.93,850.18,90319.46,10638.69
100844,1,45,834339.89,11612.8,68.63,1,3936.66,4241.49,0.3,6,10,70.91,1268.69,53153.14,12301.26
100845,1,37,161569.37,2194.02,47.75,4,451.09,440.06,3.6,18,0,60.81,242.56,49075.27,4290.81
100846,5,18,,18940.64,58.5,1,10416.48,10892.11,29.9,9,0,42.21,1140.96,69955.48,23488.18
100847,2,33,677428.15,6336.03,20.13,3,1597.9,1671.91,2,7,1,45.05,329.72,75639.08,9598.44
100848,25,42,1114792.52,6990.49,11.18,2,3129.86,3208.34,2.9,11,0,38.1,4576.61,34401.17,44513.95
100849,19,18,356150.18,3291.21,19.33,3,666.68,733.76,8.9,13,1,67.29,586.08,141481.98,8276.58
100850,30,22,241076.59,1088.38,31.88,7,189.4,181.15,24.9,23,0,56.26,1970.28,91946.52,17681.42
100851,25,44,715564.54,7886.74,19.14,2,1618.04,1577.12,28.5,17,1,60.6,3861.49,209620.23,39688.5
100852,29,37,599716.54,2936.86,29.71,3,510.15,486.37,9.6,7,0,37.04,1809.06,78968.52,16465
100853,8,39,455636.2,4238.54,0,2,1057.57,1103.58,9.4,6,0,31.63,1002.37,51317.31,12870.75
100854,9,54,643817.91,2555.08,51.19,4,339.14,333.6,0.5,9,0,68.03,1141.67,69727.69,11374.35
100855,26,39,3219819.9,21985.91,2.52,3,5224.81,5006.7,34.1,10,0,44.64,2020.37,79781.49,45444.81
100856,8,41,1009625.25,6100.73,57.89,3,1970.99,2167.67,2.4,14,0,,1208.01,91829.11,12453.58
100857,2,64,1148622.11,12138.85,0,2,5084.59,5636.63,19.8,11,0,55.05,1251.12,83315.54,25525.07
100858,21,32,1015342.53,12705.13,1.52,1,7596.43,7446.62,8.5,9,1,94.13,1065.97,41743.42,21449.97
100859,25,25,1486673.66,5950.54,48.26,1,1802.8,1654.89,41.3,8,0,89.15,7258.42,43638.29,64028.55
100860,30,39,545976.63,7236.78,50.68,2,3118,3466.63,5.1,8,0,74.01,1824.84,68187.92,17621.81
100861,28,39,,2386.58,31.47,2,729.66,750.27,36.7,7,0,34.99,831.29,125570.13,10253.76
100862,4,28,546463.49,4004.52,70.09,2,1582.2,1622.14,7.2,4,0,64.8,3963.2,34611.28,36060.68
100863,24,23,995913.69,10977.03,10.66,2,4323.25,4350.49,40.4,10,0,,1268.36,78104.59,22243.53
100864,26,59,341975.44,2747.96,52.11,3,509.76,485.28,12.3,16,0,62.92,2444.01,88547.89,22359.72
100865,21,38,550484.94,2826.16,12.34,2,953.66,930.01,9,16,0,31.6,11394.42,76918.81,95320.45
100866,25,26,404057.55,3839.75,19.93,1,2574.45,2679.13,0.4,7,0,20.18,834.69,47807.76,11680.36
100867,26,44,1506940.51,6542.17,19.36,4,1060.41,1031.93,7,4,0,46.11,1093.18,49852.95,15991.46
100868,14,33,959385.89,13031.73,0,4,3054.7,3134.05,2.4,30,0,71.57,2968.28,108527.03,42064.21
100869,2,31,,12771.26,21.17,1,8725.59,8732.58,24.2,9,1,45.97,3603.79,189720.64,41840.68
100870,14,40,888540.26,11479.21,28.35,3,2549.83,2388.14,21.7,4,0,74.19,220.44,204626.46,13986.23
100871,7,20,598406.1,5923.14,0,1,2695.34,2957.51,12.9,14,0,33.01,1937.49,48980.32,21102.07
100872,4,38,688939.14,6779.51,60.12,2,2174.08,2251.57,5.5,5,0,67.05,3830.61,75451.27,37544.44
100873,4,55,300518.23,4454.7,19.4,3,1389.01,1416.57,4.7,6,0,69.66,3872.68,22636.6,35175.05
100874,21,39,164803.52,1026.55,0.34,6,139.53,144.17,94.3,30,0,73.76,2479.02,107684.64,22278.95
100875,16,30,,2826.31,33.08,2,931.74,831.51,37.3,13,1,67.98,290.14,89028.07,5105.41
100876,17,28,743235.78,7350.57,0,1,2858.83,2774.24,28.4,10,1,67.18,714.22,228880.65,15595.9
100877,23,29,1264178.66,9063.7,0,1,6302.33,5724.8,7.7,5,0,52.15,13829.25,23569.53,122808.23
100878,17,31,1570926.2,11144.76,31.22,4,2928.58,2950.49,6.8,28,0,92.16,592.32,46422.68,14067.41
100879,19,30,1569666.2,5363.48,0.29,1,2896.83,2953.47,9.9,5,0,8.74,777.37,91937.25,14173.24
100880,3,44,336233.22,3460.48,1.73,5,789.25,795.94,60.7,22,0,70.51,321.61,36362.61,7998.35
100881,26,18,495347.8,3177.82,30.2,5,608.87,651.93,17.7,16,1,,1210.83,85987.26,14837.13
100882,14,43,816330.87,4512.87,0,1,3085.19,2808.01,8.3,9,2,30.82,654.64,144939.59,10143.75
100883,5,30,,10638.12,47.86,1,3878.81,3692.8,1.2,6,2,78.32,2570.88,34844.02,27533.87
100884,25,38,1487242.02,11280.74,48.06,2,2934.37,3007.32,35.4,14,0,34.47,1429.18,73618.21,22890.35
100885,23,22,1197818.74,16276.75,0,2,7097.45,7209.85,25.3,10,0,75.45,1901.14,33264.89,32702.72
100886,2,49,484901.8,3521.68,20.46,4,659.19,607.16,22.6,17,0,51.77,823.03,220239.81,10320.64
100887,6,48,360214.39,4054.86,0,3,909.23,974.5,10.4,12,0,86.56,2236.44,66427.35,22208.97
100888,1,45,982365.95,11946.9,31.51,4,2875.54,3141.8,11.1,16,0,15.32,1217.49,41024.24,23258.2
100889,9,18,316151.78,2265.26,0.04,5,416.91,427.55,13.5,8,0,42.39,303.51,48306.87,7532.28
100890,3,43,530360.71,6852.71,59.71,1,2998.94,2727.41,39.8,6,0,30.78,1367.84,121275.39,14976.34
100891,22,38,571207.42,6515.69,0,1,2991.64,3020.31,0.6,15,0,76.89,731.87,180121.05,11888.83
100892,16,18,1591395.25,15689.13,30.75,6,2077.03,2119.45,3.8,8,0,30.67,,39152.36,16635.37
100893,30,34,494625.44,1654.93,0,0,1160.22,1141.29,44.1,2,0,88.13,4892.89,51814.27,41625.63
100894,23,38,141608.95,530.74,0,3,120,129.7,8.3,11,0,33.75,823.07,43839.91,6523.17
100895,19,40,828225.91,12335.69,21.43,4,2541.21,2523.53,6.2,13,0,59.55,2138.94,214416.36,28097.89
100896,16,36,402303.21,5015.09,20.43,4,1229.16,1384.37,14.7,10,0,35.93,526.85,19790.04,9841.87
100897,2,37,627785.02,8961.03,79.72,2,2793.57,2924.83,1.6,8,1,30.54,587.34,208683.22,7980.05
100898,3,50,580910.3,8051.86,0.77,5,1216.75,1236.9,14,6,2,70.53,594.56,76573.82,16279.65
100899,19,47,8247463.26,29459.04,0.01,3,8251.57,8707.27,17.4,9,0,42.66,4801.86,80774,72067.94
100900,1,18,983210.78,12361.41,10.46,2,2990.65,3265.35,15.7,16,0,68.32,5901.66,49098.12,63748.48
100901,2,31,243934.62,2097.81,9.02,5,316.28,333.34,6.3,7,1,55.97,3199.52,111410.55,28057.33
100902,7,32,448725.18,5629.7,52.48,2,1438.4,1431.86,18.4,11,0,74.1,13470.88,62049.2,113306.52
100903,27,18,922458.07,3149.75,59.3,2,1177.29,1130.68,38.2,9,2,27.67,1319.84,123275.58,13114.38
100904,14,35,423336.9,2835.68,51.87,3,489.08,456.15,58.2,12,0,67.74,143.48,192850.2,4929.45
100905,22,48,233069.14,2821.11,0,1,1351.67,1153.73,0.1,6,0,96.52,1560.97,44204.31,15712.69
100906,13,22,913928.53,11502.71,20.97,2,4129.27,4172.43,21.5,8,0,34.48,1391.88,152142.51,22264.6
100907,6,38,1200479.03,12682.48,30.88,2,5355.98,5231.4,36.2,14,0,,496.51,47381.17,15534.59
100908,12,24,595631.42,4079.7,11.38,2,1604.19,1572.03,1.9,7,0,20.2,674.41,89533.31,9225.1
100909,3,27,188691.2,1313.06,28.99,1,889.13,944.02,27.2,2,0,72.61,426.78,239766.28,7125.34
100910,24,50,934677,13659.07,11.29,2,5208.22,5173.2,47.1,18,0,69.44,2171.8,44459.48,34344.13
100911,6,28,226034.23,1912.12,12.22,3,420.36,468.15,6,6,0,33.99,,102314.45,27369.81
100912,12,39,,6299.06,49.69,3,1236.79,1194.26,28.7,4,0,62.57,772.79,114194.8,11319.22
100913,30,18,359293.96,3513.98,10.04,1,1133.73,1067.68,75.5,5,2,43.43,2000.25,60041.47,19995.69
100914,18,54,305123.19,2476.69,69.37,3,509,470.59,8.2,8,0,77.49,468.53,110237.73,5751.26
100915,14,41,469408.39,4591.94,9.58,3,814.47,849.79,1.6,9,0,45.71,405.24,115765.04,8988.27
100916,17,32,548200.25,4593.03,2.05,1,2056.25,2198.32,14.6,7,0,78.83,521.62,44505.47,11138.97
100917,24,40,415754.2,5396.35,8.79,0,6270.9,6047.26,35,2,0,23.65,1376.35,46291.78,15794.5
100918,8,18,871173.49,12144.35,0,1,7005.02,6557.83,2.3,10,0,26.85,861.3,35200.24,20252.29
100919,20,47,,6653.73,21.93,4,1137.17,1241.58,33.6,12,0,67.49,,56904.49,21797.55
100920,27,30,1101836.59,10927.47,0.75,6,1571.75,1434.97,71.4,25,0,84.63,2401.61,146410.4,36073.13
100921,18,32,724385.04,6151.88,32.54,4,951.59,1009.27,95.2,22,0,82.51,1070.47,125312.89,16259.75
100922,14,29,402656.91,4655.7,49.46,1,2333.39,2253.45,49,4,0,67.65,2920.68,42222.87,29115.03
100923,5,28,363964.1,4773.91,10.15,2,1604.14,1642.36,39,18,0,57.21,,63792.36,17663.53
100924,8,42,227721.04,2255.55,0,2,632.34,673.19,4,10,0,79.09,1270.98,75821.29,14106.4
100925,29,37,728552.06,8378.89,20.17,1,3383.29,3479.97,24.9,12,0,56.31,999.17,98868.59,14380.88
100926,17,41,494658.01,5977.7,47.87,3,2067.78,2031.14,4.7,12,0,15.94,562.39,60350.17,6780.88
100927,10,34,147422.39,1655.71,20.82,5,284.15,307.95,21.7,15,0,73.98,1533.04,44857.89,13930.11
100928,13,40,443718.45,5343.45,0.39,3,1402.2,1426.53,7,6,0,82.62,889.71,98546.81,13716.54
100929,18,29,356380.42,2056.19,19.93,3,311.63,380.49,4.9,11,0,63.14,234.39,124414.02,4235.78
100930,17,59,1575023.9,14408.97,19.53,1,5370.75,4821.27,79.6,8,0,72.85,477.07,102671.22,18210.25
100931,21,18,220291.57,2247.16,8.93,3,497.35,446.03,19.5,7,0,63.01,1105.73,59316.64,12042.05
100932,8,48,257703.24,866.88,0.87,1,595.02,630.52,17.8,7,0,31.63,658.86,188854.24,9685.59
100933,20,49,1191062.4,15866.45,78.59,1,5872.12,5860.93,23.2,7,0,81.14,868.15,63310.81,9992.27
100934,14,25,,14434.41,0.61,3,3040.72,3185.33,31.8,9,0,64.85,700.78,112027.2,23517.34
100935,29,59,391360.61,1895.59,2.49,4,527.78,493,6.4,14,0,39.06,1513.54,42527.8,14845.17
100936,5,45,418789.19,5385.26,1.78,2,1767.96,1773.7,27.5,7,0,50.52,1904.56,145993.03,21635.01
100937,5,45,885684.16,10362.53,18.19,3,2214.28,2275.04,43,16,0,63.11,685.69,105928.27,15041.86
100938,14,34,151465.71,1845.52,19.36,3,510.97,494.3,5.6,13,0,54.36,570.75,120459.49,7930.94
100939,16,32,200317.37,1585.78,10.51,3,395.27,400.77,28.2,2,1,17.21,160.3,31167.32,1369.58
100940,21,32,517070.45,6877.69,19.92,2,3131.55,2875.73,12.9,5,0,33.57,2273.13,194438.22,24720.41
100941,13,38,1550842.35,12661.73,28.32,4,1687.95,1727.94,15.9,8,0,30.94,722.24,160529.74,20656.14
100942,28,49,471152.17,4708.42,10.46,0,5802.84,6306.1,8.2,2,0,66.01,562.21,148065.43,7614.85
100943,15,36,650135.79,2173.76,59.99,2,596.53,552.23,9.2,7,0,79.99,2730.82,87550.73,25719.54
100944,4,24,1208207.02,13118.78,12.3,1,8168.64,7532.49,5.7,13,0,39.64,3806.08,80701.51,44800.57
100945,4,43,2166243.87,25371.64,0,3,8107.36,8686.19,4.1,13,0,57.08,5071.06,75672.76,69579.01
100946,30,44,432901.44,4307.9,71.4,1,2755.72,2538.18,184,8,0,65.19,2265.4,264767.27,18763.5
100947,5,41,605780.15,5529.26,48.48,3,1787.83,1878,14.9,23,0,83.33,606.55,54281.65,9759.91
100948,29,42,1825943.84,23341.72,8.77,3,6853.72,6876.48,1.2,15,0,87.33,3359.56,31049.78,54574.17
100949,9,31,245500.65,2770.98,50.87,0,1978.27,1928.68,9.8,3,0,66.81,2209.07,81166.7,18565.06
100950,3,24,1133616.01,7456.89,21.3,3,1195.94,1301.17,20.2,9,0,59.45,463.13,69734.69,11709.93
100951,10,24,0,4824.76,8.85,2,1403.38,1481.54,8.9,9,0,80.77,581.66,200711.14,10617.23
100952,19,18,650735.06,7539.09,50.03,4,1501.87,1527.08,63.4,5,0,47.97,892.9,37376,15063.62
100953,13,37,529031.38,7861.99,28.34,2,2206.85,1921.82,36.2,9,7,70.97,,72788.86,8031.82
100954,24,33,344402.91,5051,9.78,4,1205.94,1257.48,49,15,0,67.47,1900,74687.49,22202.51
100955,19,29,339257.03,4769.19,21,3,1404.47,1314.23,30.4,11,0,30.84,4642.55,180476.38,43405.44
100956,13,18,,8774.49,9.48,4,2417.44,2385.33,15.2,13,0,84.74,2424.62,156368.72,31506.94
100957,20,20,1112030.35,11615.88,0,4,2138.39,2139.33,22,6,0,56.69,313.26,177461.89,19596.98
100958,30,46,566103.8,3025.63,68.64,4,743.45,828.08,23.2,6,0,41.39,3454.12,83007.27,29967.8
100959,13,27,638222.56,6173.97,19.22,4,1473.06,1450.68,11.2,13,0,61.15,727.85,90212.3,12523.22
100960,5,38,862058.91,10572.68,22.11,1,7353.3,6725.57,8.3,3,0,64.48,134.36,125585.65,11741.64
100961,13,19,341602.54,3214.97,20.09,2,1306.23,1421.42,5.7,1,0,75.41,500.14,44882.18,7103.08
100962,26,50,953781.56,12841.17,18.8,2,3539.28,3693.4,40.2,9,0,63.98,468.14,27797.35,17735.7
100963,7,32,1000469.86,4615.99,9.62,3,706.5,738.84,201.7,6,0,70.33,7337.38,172701.56,61857.72
100964,29,37,2918412.11,22698.69,68.08,2,10400.03,11328.81,8.6,5,0,79.49,771.57,71785.22,18552.45
100965,18,60,488313.03,4511.15,28.78,3,1322.73,1459.49,22.8,17,0,34.86,2179.14,157685,22281.59
100966,19,51,464875.72,3894.92,31.63,4,973.8,921.69,3.3,15,0,71.46,1453.07,50562.02,16984.71
100967,10,31,970681.78,4466.35,19.83,5,919.02,842.32,9.4,19,0,69.41,442.78,203736.8,10271.22
100968,28,27,1000326.45,5126.75,12.27,3,1523.42,1600.43,21.1,13,0,54.71,1005.85,120410.84,15781.97
100969,2,30,443885.6,5818.58,0,3,1747.29,1719.77,43.7,13,0,87.03,4870.6,94707.13,46965.11
100970,9,40,480449.23,4317.59,9.96,2,1933.66,1913.73,0.2,10,0,73.95,1180.32,114992.56,14480.7
100971,13,33,846658.71,3305.45,0.77,2,1466.84,1368.12,31.4,10,0,27.89,1524.35,125523.65,16272.71
100972,15,30,372437.27,1314.11,26.79,4,237.43,245.75,6.8,18,0,26.03,6753.78,51211.37,55416.77
100973,15,50,478329,4237.34,50.25,1,1323.68,1355.62,43.9,5,0,43.32,2097.44,67964.95,20329.75
100974,5,33,645725.72,3391.64,9.94,3,534.98,529.99,5.4,14,0,77.26,365.68,91682.13,6057.66
100975,7,59,1112296.84,12858.44,11.78,2,4103.17,3761.38,24.2,7,1,78.75,875.12,74494.59,19847.52
100976,3,35,425753.27,5370.86,31.16,3,1702.54,1826.06,25.8,2,0,87.33,3283.4,39762.44,33471.32
100977,18,54,202590.86,1216.23,0,1,777.22,789.15,25,9,0,70.91,1504.91,105544.25,14422.96
100978,11,38,193767.83,1987.98,61.49,0,1835.93,1959.06,23.4,3,1,89.05,412.84,94739.78,4217.42
100979,17,45,287427.69,1476.72,9.69,3,310.59,271.4,31.5,15,0,80.69,3448.94,169312.27,29973.75
100980,18,26,278305.25,1914.25,0,3,481.09,482.73,34.5,19,1,67.28,262.9,121702.97,2403.86
100981,22,25,557717.59,7642.93,0.24,5,1612.7,1543.33,26,18,0,47.99,778.14,130301.65,16298.2
100982,17,39,299852.62,2904.02,59.76,5,536.85,538.02,17.4,6,0,69.03,1751.84,161277.98,18351.76
100983,20,45,401403.11,5487.86,11.85,2,1302.17,1375.86,10.1,15,0,,8069.19,70466.61,69508.49
100984,18,34,384586.08,2293.57,30.41,3,510.2,521.52,12.4,12,0,58.7,2736.2,24800.08,22873.37
100985,20,20,469803.47,3376.59,0.25,3,881.58,882.54,1.3,15,0,68.99,540.93,134722.11,8368.72
100986,19,19,1353057.02,11945.21,1.08,3,3077.71,3080.07,8.5,22,0,69.98,1641.39,49334.97,26800.86
100987,10,18,910312.3,8134.59,51.31,4,2057.25,1864.72,19.4,19,0,79.31,3722.1,47819.45,37658.54
100988,8,18,,9252.56,0.94,1,6225.76,5887.12,22.7,12,0,63.35,6364.92,33993.17,61550.81
100989,24,35,464055.15,2167.44,1.7,2,491.55,524.62,38.6,17,0,29.23,1260.83,295818.33,11518.98
100990,11,46,471858.7,6263.79,20.73,5,813.8,789.11,2.6,11,0,74.84,1614.44,74727.04,20393.53
100991,17,34,744912.72,9992.33,50.2,2,3043.42,3251.66,45.8,9,0,59.08,771.41,47734.49,16502.6
100992,6,18,868806.66,8503.94,11.49,2,2372.94,2490.59,11.1,7,0,45.97,4795.97,38941.92,46885.27
100993,13,32,354975.46,2609.19,0,3,604.44,636.33,8.5,4,0,90.08,1698.35,101890.88,18029.22
100994,16,32,625472.66,5874.48,80,2,1238.69,1263.43,19.2,12,0,79.12,69.08,86125.48,4436.16
100995,19,57,180846.29,1222.31,32.07,2,265.98,259.02,66.7,14,0,90.6,1119.56,99703.38,9406.13
100996,16,18,694816.26,8795.31,51.95,6,1596.59,1582.11,10.4,23,0,78.49,132.68,35630.4,9071.9
100997,11,30,966719.82,8842.9,29.99,1,3015.72,3131.59,22.3,3,0,36.62,2251.42,69394.07,25166.03
100998,29,53,517276.73,7312.9,29.46,4,1841.77,1606.87,53,16,0,36.72,554.54,43843.47,8558.26
100999,16,39,1819897.33,19288.52,11.76,5,2717.14,2919.91,0.9,13,0,65.77,120.53,553293.64,22845.59
